Catalogue Number,Taxon,date ,ecological zone,Zones,meanannual,subspecies,State,county,Sex,Mesowear Score m1 (R),Part Scored,Mesowear Score m1 (L),Part Scored,AverageMSm1,Mesowear Score m2 (R),Part Scored,Mesowear Score m2 (L),Part Scored,AverageMSm2,Mesowear Score m3 (R),Part Scored,Mesowear Score m3 (L),AverageMSm3,Part Scored,Mesowear Score M1 (R),Part Scored,Mesowear Score M1 (L),Part Scored,Mesowear Score M2 (R),Part Scored,Mesowear Score M2 (L),part scored,Mesowear score M3 (R),Part Scored,Mesowear Score M3 (L),Part Scored,Man m3 Width mm,Man m3 Height mm,Man m2 width ,Man m2 Height ,Man m1 width ,Man m1 Height ,m2 mesiodistal length (R),m2 mesiodistal length (L),m3 mesiodistal length (R),m3 mesiodistal length (L),HIm3,HIm2,HIm1,Height / Mesiodistal Length m2,Left Premolar Row Length (Maxilla) mm,Left Premolar Row Length (Mandible) mm,Skull Length mm,Muzzle Width mm,Palate Width mm,Anterior Jaw Maxilla mm,Anterior Jaw Mandible mm,Length of Molar Row (L Man) (mm),Height of Man behind M3 L (mm),Height of Man infront M1 L (mm),Length of L Man (mm),gonion ventrale–coronion L Man (mm),
 LACM 13606,Odocoileus virginianus,,14.5.2,Closed Woodlands,,,Mexico,"Colima, Mixcuate, 5 miles east of camotalan",F,1,metaconid,1,metaconid,1,0,metaconid,0,metaconid,0,0,metaconid,0,0,metaconid,1,paracone,1,paracone,1,metacone,1,metacone,0,metacone,0,metacone,8.83,9.48,9.32,8.04,7.42,5.26,14.09,,18.31,,1.073612684,0.862660944,0.708894879,0.570617459,,,,,,,,,,,,,
 LACM 30196,Odocoileus hemionus ,,6.2.11,Closed Woodlands,1438,,CA,Mendocino county,M,1,metaconid,1,metaconid,1,1,metaconid,1,metaconid,1,1,metaconid,1,1,metaconid,1,paracone,1,metaconid,1,metaconid,1,metaconid,1,metaonid,1,paracone,,,,,,,,,,,,,,,,,,,,,,,,,,,
 LACM 30199,Odocoileus virginianus,,,,,,SW,,M,1,metaconid,1,metaconid,1,1,metaconid,1,metaconid,1,1,entoconid,,1,,1,paracone,1,paracone,1,paracone,1,paracone,1,paracone,1,paracone,9.77,10.37,9.89,9.6,8.53,7.11,14.19,,17.26,,1.061412487,0.970677452,0.833528722,0.67653277,,,,,,,,,,,,,
 LACM 30298,Odocoileus hemionus ,,11.1.1,Open Woodlands,548,,CA,Monterey county,M,1,metaconid,0,metaconid,0.5,1,metaconid,1,metaconid,1,1,metaconid,1,1,metaconid,0,paracone,1,metacone,1,paracone,1,paracone,,,0,paracone,9.79,12.1,9.47,12.88,8.37,9.81,14.75,,20.57,,1.235955056,1.360084477,1.172043011,0.873220339,32.74,30,,,,,64.41,46.87,27.11,21.04,188.62,98.73,
 LACM 30435,Odocoileus hemionus ,,11.1.1,Open Woodlands,548,,CA,"Los Angeles county, Big Pines Park",F,1,entoconid,1,entoconid,1,1,entoconid,,,1,0,metaconid,1,0.5,metaconid,1,paracone,0,metacone,0,metacone,1,paracone,0,paracone,0,paracone,8.4,15.3,8.16,12.9,7.49,8.45,15.69,,19.18,,1.821428571,1.580882353,1.128170895,0.822179732,33.72,,237.95,47.2,47.85,74.73,76.15,48.46,27.97,19.01,187.36,89.3,
 LACM 30436,Odocoileus hemionus ,,11.1.1,Open Woodlands,548,,CA,Marin county,M,1,metaconid,1,metaconid,1,1,metaconid,1,metaconid,1,1,entoconid,1,1,entoconid,,,,,,,,,,,,,9.13,10.72,9.9,10.25,8.47,7.86,15.59,,18.61,,1.17415115,1.035353535,0.92798111,0.657472739,,31.69,,,,,57.47,46.39,30.05,18.81,171.84,86.48,
 LACM 30455,Odocoileus hemionus ,,11.1.1,Open Woodlands,548,,CA,SC county,F,,,1,metaconid,1,1,metaconid,1,metaconid,1,1,entoconid,1,1,entoconid,0,metacone,0,paracone,1,metacone,1,paracone,1,paracone,1,paracone,8.53,15.24,9.27,12.13,8.21,9.43,16.48,,18.64,,1.786635404,1.308522114,1.148599269,0.736043689,34.05,34.38,227.86,43.86,39.51,69.33,56.26,51.84,34.3,19.22,181.54,90.28,
 LACM 30603,Odocoileus hemionus ,,11.1.1,Open Woodlands,548,,CA,"Los Angeles county, Big Pines Park",,,,,,,,,,,,,,,,,1,metacone,1,metacone,1,paracone,0,metacone,0,metacone,1,paracone,,,13.66,8.56,,,,,,,,0.626647145,,,,,,,,,,,,,,,
 LACM 30603,Odocoileus hemionus ,,11.1.1,Open Woodlands,548,,CA,"Los Angeles county, Big Pines Park",M,1,entoconid,1,entoconid,1,1,metaconid,1,metaconid,1,1,metaconid,1,1,entoconid,,,,,,,,,,,,,9.19,14.99,9.41,13.83,8.99,10,15.27,,19.48,,1.631120783,1.469713071,1.112347052,0.905697446,,35.17,,,,,75.54,50.97,33.69,23.58,215,113.5,
 LACM 30659,Odocoileus hemionus ,,11.1.1,Open Woodlands,548,,CA,"Los Angeles county, Big Pines Park",M,2,metaconid,2,metaconid,2,1,metaconid,1,metaconid,1,1,metaconid,1,1,metaconid,2,paracone,2,paracone,1,paracone,1,paracone,1,paracone,,,9.38,10.6,9.14,8.17,7.48,7.1,15.33,,20.43,,1.130063966,0.893873085,0.949197861,0.532941944,33.55,30.85,259.04,43.65,42.44,79.34,80.44,46.96,28,17.39,197.68,104.23,
 LACM 31103,Odocoileus virginianus,,8.5.2,Wet Plains,1395,,LA,Madison county,M,1,metaconid,1,metaconid,1,1,metaconid,1,metaconid,1,1,metaconid,1,1,metaconid,,,1,paracone,1,paracone,,,1,metacone,1,metacone,10.79,10.76,11.03,9.51,9.04,7.42,16.81,,21.92,,0.997219648,0.862194016,0.82079646,0.565734682,33.64,34.01,,49.9,53.83,97.23,81.19,52.51,30.69,23.82,234.1,,
 LACM 33388,Odocoileus hemionus ,,11.1.1,Open Woodlands,548,,CA,"Ventura county, Flimore",,1,metaconid,1,metaconid,1,1,entoconid,1,entoconid,1,1,entoconid,,1,,0,paracone,1,paracone,0,metacone,0,metaconid,0,paracone,0,paracone,8.87,12.24,8.65,10.36,8.19,8.53,16.12,,21.47,,1.379932356,1.197687861,1.041514042,0.642679901,34.52,34.51,261.07,38.37,49.39,84.42,,51.37,,19.08,,,
 LACM 52362,Odocoileus virginianus ,,14.5.2,Closed Woodlands,,,Mexico,"Nayarit, Tres Marias Islands",F,1,entoconid,,,1,1,metaconid,1,metaconid,1,1,metaconid,1,1,metaconid,0,metacone,1,metacone,1,metacone,1,metacone,1,paracone,1,paracone,8.83,9.8,8.95,8.23,7.97,7.26,13.4,,17.25,,1.109852775,0.919553073,0.910915935,0.614179104,26.42,25.56,218.89,27.93,39.61,67.05,52.48,40.12,23.99,16.05,164.33,85.05,
 LACM 54167,Odocoileus hemionus ,,6.2.10,Open Woodlands,621,,MT,"Beaverhead, county, Red Rock Refuge, lakeview",M,1,metaconid,1,metaconid,1,1,metaconid,1,metaconid,1,0,entoconid,0,0,entoconid,1,paracone,1,paracone,1,paracone,1,paracone,0,paracone,0,paracone,10.11,12.46,10.7,12.2,9.1,6.49,19.5,,22.73,,1.232443126,1.140186916,0.713186813,0.625641026,36.83,35.48,305.87,51.98,62.81,102.47,84.27,54.02,29.79,26.23,236.32,118.07,
 LACM 54514,Odocoileus virginianus,,14.5.2,Closed Woodlands,,,Mexico,"Colima, Mixcuate, 11 miles west of Colima",M,1,metaconid,,,1,1,metaconid,1,metaconid,1,1,entoconid,1,1,entoconid,1,paracone,1,paracone,,,1,paracone,0,paracone,0,metacone,8.82,11.04,8.36,9.75,7.51,6.91,13.15,,15.59,,1.25170068,1.166267943,0.920106525,0.741444867,28.61,28.58,221.43,29.18,38.07,67.01,53.27,41.8,26.37,15.59,172.25,80.95,
 LACM 54515,Odocoileus virginianus,,14.5.2,Closed Woodlands,,,Mexico,"colima, mixcuate, 11 mi W of comala",F,1,metaconid,1,metaconid,1,1,entoconid,1,entoconid,1,0,entoconid,0,0,entoconid,1,paracone,1,paracone,,,1,paracone,1,paracone,1,paracone,8.06,9.66,8.01,8.5,7.27,7.88,12.47,,16.21,,1.198511166,1.061173533,1.083906465,0.681635926,27.42,24.6,218.51,29.8,36.41,68.69,56.35,40.02,24.83,16.45,170.05,77.96,
 LACM 54516,Odocoileus virginianus,,14.5.2,Closed Woodlands,,,Mexico,"colima, mixcuate, 11 mi W of comala",M,1,metaconid,1,metaconid,1,1,metaconid,1,metaconid,1,1,metaconid,1,1,metaconid,1,paracone,1,paracone,,,1,metacone,0,paracone,1,paracone,8.6,9.02,8.76,9.22,7.26,7.05,14.04,,16.85,,1.048837209,1.052511416,0.97107438,0.656695157,28.65,26.83,231.57,33.16,39.98,71.02,62.48,43.18,28.8,19.62,177.72,90.44,
 LACM 54518,Odocoileus virginianus,,14.5.2,Closed Woodlands,,,Mexico,"colima, 7 mi NE of La Cotradia ",M,0,entoconid,0,entoconid,0,0,metaconid,0,metaconid,0,0,entoconid,1,0.5,metaconid,0,metacone,0,metacone,1,paracone,1,paracone,1,paracone,1,paracone,9.47,11.1,9.64,10.58,8.19,8.83,13.97,,17.43,,1.172122492,1.097510373,1.078144078,0.757337151,30.75,28.57,233.17,32.07,39.98,71.6,62.47,46.38,28.34,18.58,181.52,84.51,
 LACM 54776,Odocoileus hemionus ,,,,,,,,,,,,,,,,,,,,,,,,,,1,metacone,,,1,metacone,,,0,paracone,,,14.36,13.56,,,,,,,,0.944289694,,,,,,,,,,,,,,,
 LACM 84002,Odocoileus hemionus ,,11.1.1,Open Woodlands,548,,CA,"Los Angeles County, Azusa, 12 miles north",M,1,entoconid,,,1,1,metaconid,1,metaconid,1,1,entoconid,0,0.5,entoconid,1,paracone,1,paracone,1,metacone,1,paracone,0,paracone,1,paracone,9.62,,10.2,13.58,8.83,9.54,18.7,,22.07,,,1.331372549,1.080407701,0.726203209,35.29,35.25,265.76,44.76,46.31,81.62,69.2,53.07,25.44,19.62,,,
 LACM 92617,Odocoileus virginianus,,5.3.1,Closed Woodlands,1200,,ME,Bidgelow Mountains,M,1,entoconid,1,entoconid,1,1,metaconid,1,metaconid,1,0,entoconid,0,0,entoconid,1,metacone,1,metacone,0,metacone,0,paracone,0,paracone,0,paracone,9.67,9.15,9.93,9.14,8.06,5.25,16.34,,20.09,,0.94622544,0.920443102,0.651364764,0.559363525,32.58,32.66,,30.46,46.88,,68.8,47.02,29.82,21.5,206.46,88.08,
 LACM 92619,Odocoileus virginianus,,8.3.1,Mixed Plains,1097,,PA,"Delaware county, Newtown",M,,,1,entoconid,1,,,0,metaconid,0,1,metaconid,1,1,metaconid,,,1,metacone,,,0,metacone,0,metacone,1,paracone,12.22,12.58,11.8,12.32,9.77,9.71,16.74,,22.78,,1.029459902,1.044067797,0.993858751,0.735961768,35.57,34.13,320.4,46.16,54.48,99.44,79.96,54.45,33.03,27.32,233.81,130.39,
 LACM M614,Odocoileus hemionus ,,11.1,Open Woodlands,548,,Mexico,Cerros Island,F,,,1,metaconid,1,,,1,metaconid,1,,,0,0,metaconid,1,metacone,1,entoconid,1,metaconid,1,entoconid,1,entoconid,1,metacone,9.36,11.13,9.74,10.05,8.18,7.37,,15.23,,16.47,1.189102564,1.031827515,0.900977995,,31.09,30.43,231.78,34.38,46.24,76.3,,43.72,24.2,18.65,,90.51,
 UMMZ 61142,Odocoileus virginianus,,8.1.6,Closed Woodlands,862,,MI,Calhoun county,m,,,,,,,,,,,,,,,,,,0,,,,0,,,,1,,,,,,,,,,,,,,,,,,,,,,,,,,,,
FMNH 105751,Odocoileus virginianus,,8.2.1,Mixed Woodlands,813,borealis,wisconsin,wisconsin deer management unit #67,M,,,,,,,,,,,,,,,,,,,,,,,,,,,,9.67,14.5,9.84,11.97,9.36,9.3,15.13,,19.75,,1.499482937,1.216463415,0.993589744,0.791143424,,,,,,,,,,,,,
FMNH 105752,Odocoileus virginianus,,5.2.1,Closed Woodlands,768,borealis,wisconsin,Florence county,M,1,metaconid,1,entoconid,1,1,meta,1,metaconid,1,0,metaconid,0,0,metaconid,1,metacone,1,metacone,0,metacone,0,metacone,0,metacone,0,paracone,11.63,13.52,12.39,12.77,10.5,9.38,17.48,,22.04,,1.162510748,1.030669895,0.893333333,0.730549199,34.08,33.42,290.67,52.05,53.11,96.41,84.68,53.62,37.34,26.02,229.97,113.37,
FMNH 105754,Odocoileus virginianus,,8.2.1,Mixed Woodlands,813,borealis,wisconsin,wisconsin deer management unit #67,M,,,,,,,,,,,,,,,,,,,,,,,,,,,,10.5,14.39,10.8,13.21,10.17,10.53,16.85,,20.02,,1.37047619,1.223148148,1.03539823,0.783976261,,,,,,,,,,,,,
FMNH 105756,Odocoileus virginianus,,,,,borealis,wisconsin,,M,,,,,,,,,,,,,,,,,,,,,,,,,,,,10.12,14.86,11.02,14,8.74,11.5,16.6,,19.07,,1.468379447,1.270417423,1.315789474,0.843373494,,,,,,,,,,,,,
FMNH 105757,Odocoileus virginianus,,,,,borealis,wisconsin,,M,1,metaconid,1,metaconid,1,0,meta,0,metaconid,0,0,entoconid,0,0,metaconid,1,metacone,1,metacone,1,metacone,,,1,paracone,1,paracone,9.75,12.18,9.96,10.75,9.02,9.27,14.78,,18.66,,1.249230769,1.079317269,1.027716186,0.727334235,31.45,28.59,284.02,48.9,51.93,94.36,83.63,46.63,30.84,24,224.11,113.56,
FMNH 105758,Odocoileus virginianus,,8.2.1,Mixed Woodlands,813,borealis,wisconsin,wisconsin deer management unit #35,M,1,metaconid,1,metaconid,1,1,ento,,,1,0,ento,0,0,entoconid,0,metacone,0,metacone,,,0,metacone,,,,,10.11,13.48,11.03,12.37,9.92,10.17,17.62,,20.59,,1.333333333,1.121486854,1.025201613,0.702043133,34.5,32.06,286.21,43.08,45.18,94.87,78.72,52.97,32.2,22.92,219.58,98.16,
FMNH 105759,Odocoileus virginianus,,,,,borealis,wisconsin,,M,1,entoconid,,,1,1,metaconid,0,metaconid,0.5,0,metaconid,0,0,metaconid,1,metacone,1,metacone,,,0,metacone,0,paracone,,,11.01,14.6,11.37,14.71,10.34,12.24,20.98,,22.37,,1.326067212,1.293755497,1.183752418,0.701143947,,,,,,,,,,,,,
FMNH 105760,Odocoileus virginianus,,,,,borealis,wisconsin,,M,,,,,,,,,,,,,,,,,,,,,,,,,,,,,,10.23,11.22,,,16.58,,,,,1.096774194,,0.676718938,,,,,,,,,,,,,
FMNH 105761,Odocoileus virginianus,,,,,borealis ,wisconsin,,M,,,,,,,,,,,,,,,,,,,,,,,,,,,,,,10.53,13.73,,,16.5,,,,,1.303893637,,0.832121212,,,,,,,,,,,,,
FMNH 105764,Odocoileus virginianus,,,,,borealis,wisconsin,,M,1,entoconid,1,metaconid,1,0,entoconid,1,metaconid,0.5,0,metaconid,0,0,metaconid,1,paracone,1,paracone,1,paracone,1,paracone,1,paracone,1,paracone,9.62,13.14,10.83,12.44,9.7,10.04,17.08,,19.98,,1.365904366,1.148661127,1.035051546,0.728337237,35.86,31.62,285.87,47.53,55.19,92.55,83.89,50.43,33.17,24.11,222.67,,
FMNH 105769,Odocoileus virginianus,,,,,borealis,wisconsin,,M,1,metaconid,1,entoconid,1,1,metaconid,1,entoconid,1,0,metaconid,0,0,metaconid,1,paracone,1,paracone,0,metacone,1,metacone,0,metacone,0,metacone,10.23,12.15,10.98,12.16,9.46,10.11,16.29,,21.14,,1.187683284,1.107468124,1.068710359,0.746470227,,,,,,,,,,,,,
FMNH 105769,Odocoileus virginianus,,,,,borealis ,wisconsin,,F,1,entoconid,1,metaconid,1,0,metaconid ,1,metaconid,0.5,0,metaconid,1,0.5,metaconid,1,metacone,1,metacone,1,metacone,0,metacone,0,paracone,1,paracone,9.67,11.98,10.55,10.9,9.67,10.11,16.91,,21.45,,1.238883144,1.033175355,1.045501551,0.644589001,35.43,37.63,280.79,41.72,50.99,85.19,68.51,51.02,30.42,20.33,220.75,103.34,
FMNH 105773,Odocoileus virginianus,,8.1.5,Mixed Plains,825,borealis,wisconsin,wisconsin deer management unit #55,F,1,entoconid,1,entoconid,1,1,metaconid,1,metaconid,1,0,metaconid,0,0,metaconid,,,1,paracone,,,1,paracone,0,metacone,1,metacone,9.88,12.46,10.53,12.24,9,8.62,16.64,,9.45,,1.261133603,1.162393162,0.957777778,0.735576923,36.49,33.12,274.17,44.8,47.17,88.78,71.34,49.25,29.55,18.89,219.02,100.33,
FMNH 134440,Odocoileus virginianus,Dec-85,5.2.1,Closed Woodlands,768,borealis,wisconsin,Langlade county,M,,,,,,,,,,,,,,,,,,,,,,,,,,,,10.6,,10.75,12.65,9.63,8.12,16.27,,20.93,,,1.176744186,0.843198339,0.77750461,,,,,,,,,,,,,
FMNH 134441,Odocoileus virginianus,Dec-85,5.2.1,Closed Woodlands,768,borealis,wisconsin,Langlade county,M,,,,,,,,,,,,,,,,,,,,,,,,,,,,10.91,,10.74,14.28,10,11.41,17.61,,21.76,,,1.329608939,1.141,0.810902896,,,,,,,,,,,,,
FMNH 14231,Odocoileus virginianus,4-Jun-01,,Closed Woodlands,3500,rothschildi,panama,Coiba I,M,,,,,,,,,,,,,,,,,,,,,,,,,,,,8.86,10.73,,,,,,,18.11,,1.211060948,,,,,,,,,,,,,,,,
FMNH 14430,Odocoileus virginianus,2-Oct-04,10.2.4,Grassland,340,carminis,mexico,"Coahuila, Jaral",F,,,,,,,,,,,,,,,,,,,,,,,,,,,,,,10.44,13.31,,,17.3,,,,,1.274904215,,0.769364162,,,,,,,,,,,,,
FMNH 14433,Odocoileus hemionus ,Nov-04,10.2.4,Grassland,340,crooki,Mexico,"Coahuila, Jaral",M,,,,,,1,metaconid,1,metaconid,1,,,1,1,metaconid,1,paracone,1,metacone,1,paracone,1,paracone,1,paracone,1,metacone,11.25,14.54,11.34,12.7,,,22.64,,18.17,,1.292444444,1.119929453,,0.560954064,,,,,,,,,,,,,
FMNH 14437,Odocoileus hemionus ,10-Nov-04,10.2.4,Grassland,340,crooki,mexico,"coahuila, cuatro cienegas",F,1,metaconid,1,metaconid,1,1,metaconid,1,entoconid,1,1,metaconid,0,0.5,entoconid,1,paracone,1,paracone,1,metacone,1,metacone,1,metacone,0,metacone,9.57,14.71,10.7,12.04,9.29,9.53,17.66,,21.22,,1.537095089,1.125233645,1.02583423,0.681766704,38.02,37.7,267.5,49.84,49.9,86.71,71.57,54.57,34.1,23.43,216.26,111.35,
FMNH 14442,Odocoileus virginianus,12-Aug-04,13.2.1,Mixed Woodlands,60,couesi,Mexico,"Durango, coyotes",M,,,,,,,,,,,,,,,,,,,,,,,,,,,,7.86,12.07,7.96,11.13,7.45,8.92,13.77,,17.48,,1.53562341,1.398241206,1.197315436,0.808278867,,,,,,,,,,,,,
FMNH 14446,Odocoileus virginianus,23-Aug-04,13.2.1,Mixed Woodlands,60,couesi,Mexico,"Durango, coyotes",F,,,1,metaconid,1,,,1,entoconid,1,,,1,1,entoconid,,,1,paracone,,,0,metacone,,,0,paracone,8.49,10.58,8.49,10.28,8.48,8.72,13.43,,16.59,,1.246171967,1.210836278,1.028301887,0.765450484,,,,,,,,,,,,,
FMNH 14447,Odocoileus virginianus,aug 5 1904,13.2.1,Mixed Woodlands,60,couesi,Mexico,"Durango, coyotes",M,,,,,,,,,,,,,,,,,,,,,,,,,,,,8.09,11.18,9.12,9.61,,,14.75,,16.95,,1.381953028,1.05372807,,0.651525424,,,,,,,,,,,,,
FMNH 14448,Odocoileus virginianus,5-Aug-04,13.2.1,Mixed Woodlands,60,couesi ,Mexico,"Durango, coyotes",M,,,,,,1,metacoid,1,metaconid,1,1,metaconid,1,1,metaconid,,,,,1,paracone,1,paracone,1,paracone,1,paracone,9.09,11.08,9.53,9.72,8.55,7.96,13.77,,18.4,,1.218921892,1.019937041,0.930994152,0.705882353,,,,,,,,,,,,,
FMNH 14450,Odocoileus hemionus ,12-Dec-04,10.2.4,Grassland,340,crooki,mexico,"coahuila, cuatro cienegas",F,1,metaconid,,,1,1,entoconid,1,entoconid,1,1,metaconid,1,1,metaconid,1,metacone,1,metacone,1,metacone,1,metacone,,,0,paracone,10.33,12.97,11.03,14.24,,,17.04,,21.42,,1.255566312,1.291024479,,0.835680751,39.16,36.93,254.73,39.61,42.72,76.7,62.55,52.5,36.8,21.98,203.34,97.69,
FMNH 14452,Odocoileus hemionus ,15-Dec-04,10.2.4,Grassland,340,crooki,Mexico,"coahuila, cuatro cienegas",M,1,entoconid,1,entoconid,1,1,ento,1,entoconid,1,1,metaconid,,1,,1,metacone,1,met,1,met,1,metacone,1,paracone,,,9.97,14.57,10.78,13.77,10.19,10.35,17.18,,21.77,,1.461384152,1.277365492,1.015701668,0.801513388,37.28,37.29,283.79,51.77,54.07,86.7,74.75,56.49,35.1,25.77,224.88,115.81,
FMNH 14453,Odocoileus hemionus ,15 ndec 1904,10.2.4,Grassland,340,crooki,Mexico,"coahuila, cuatro cienegas",M,1,entoconid,1,entoconid,1,1,entoconid,1,entoconid,1,1,metaconid,1,1,metaconid,1,metacone,1,metacone,1,metacone,1,metacone,1,paracone,1,paracone,10.96,15.57,11.39,12.38,10.33,8.78,18.48,,21.77,,1.420620438,1.086918349,0.849951597,0.66991342,39.67,37.19,291.68,49.06,50.92,82.85,76.96,56.29,38.53,26.84,229.84,118.55,
FMNH 14455,Odocoileus hemionus ,15-Dec-04,10.2.4,Grassland,340,crooki,Mexico,"coahuila, cuatro cienegas",M,1,metaconid,,,1,1,metaconid,1,metaconid,1,1,entoconid,1,1,entoconid,1,paracone,1,paracone,1,paracone,1,paracone,1,paracone,1,paracone,10.99,15.68,10.79,12.18,9.34,8.91,16.94,,22.8,,1.426751592,1.128822984,0.953961456,0.719008264,37.06,34.4,296.87,48.16,52.53,94.87,78.39,53.54,36.08,27.28,228.28,120.3,
FMNH 14460,Odocoileus hemionus ,12-Dec-04,10.2.4,Grassland,340,crooki,Mexico,"coahuila, cuatro cienegas",F,,,,,,1,entoconid,1,entoconid,1,1,metaconid,1,1,metaconid,,,1,metacone,0,paracone,1,metacone,0,metacone,0,paracone,10.39,12.86,11.31,11.02,,,17.33,,22.87,,1.237728585,0.974358974,,0.635891518,37.45,36.28,278.18,52.23,46.92,81.49,72.9,56.3,34.39,23.65,220.35,106.88,
FMNH 14462,Odocoileus hemionus ,12-Dec-04,10.2.4,Grassland,340,crooki,Mexico,"coahuila, cuatro cienegas",M,1,metaconid,1,metaconid,1,1,entoconid,1,metaconid,1,1,metaconid,1,1,metaconid,1,metacone,,metacone,1,metacone,1,metacone,1,paracone,1,paracone,10.1,13.83,10.5,9.18,10.07,8,16.08,,20.2,,1.369306931,0.874285714,0.794438928,0.570895522,36.11,35.27,270.2,49.83,47.49,80.7,65.39,52.37,31.78,18.85,214.71,106.05,
FMNH 14465,Odocoileus hemionus ,6-Dec-04,10.2.4,Grassland,340,crooki,Mexico,"coahuila, cuatro cienegas",M,,,1,entoconid,1,1,entoconid,1,entoconid,1,1,metaconid,1,1,metaconid,1,paracone,1,paracone,1,metacone,,,1,paracone,0,metacone,10.76,14.93,11.26,13.43,9.51,9.49,17.54,,20.79,,1.387546468,1.192717584,0.997896951,0.765678449,35.88,37.85,278.9,50.6,48.5,82.85,68.96,51.63,34.11,23.91,217.93,112.71,
FMNH 1517,Odocoileus hemionus ,early 20th century,,,,hemionus,Montana,,M,,,1,metaconid,1,1,entoconid,1,metaconid,1,,,1,1,metaconid,,,1,metacone,1,metacone,1,metacone,1,metacone,1,metacone,11.2,15.03,11.31,11.29,10.41,8.94,,18.02,,24.48,1.341964286,0.998231653,0.858789625,,38.17,35.16,NA,52.91,51.09,,76.82,57.04,34.39,28.1,226.79,111.44,
FMNH 15976,Odocoileus virginianus,27-Mar-05,,Mixed Woodlands,135,truei,guatemala,"lzabel, los amates ",M,,,,,,1,entoconid,1,entoconid,1,1,metaconid,1,1,metaconid,,,,,1,paracone,1,paracone,1,paracone,1,paracone,8.16,9.5,8.43,8.82,7.98,7.74,12.8,,17.07,,1.164215686,1.046263345,0.969924812,,26.57,26.73,220.49,37.33,36.65,75.33,60.61,40.5,25.59,16.66,172.75,80.49,
FMNH 16001,Odocoileus virginianus,16-Apr-04,14.4.3,Mixed Woodlands,650,oaxacensis,mexico,"oaxaca, reforma",M,,,,,,,,,,,,,,,,,,,,,,,,,,,,8.56,11.49,8.98,11.98,7.95,8.32,13.48,,18.64,,1.34228972,1.334075724,1.046540881,0.888724036,,,,,,,,,,,,,
FMNH 16560,Odocoileus virginianus,,,Mixed Woodlands,1656,,guatemala,"chimaltenago, tecpam",,,,,,,1,metaconid,1,Metaconid,1,,,1,,metaconid,,,,,,,,,1,paracone,1,paracone,9.13,11.53,8.59,9.61,7.56,8.7,13.16,,18.28,,1.26286966,1.118742724,1.150793651,,28.9,26.71,233.4,41.43,42.72,75.72,65.72,42.38,23.65,17.96,173.97,82.26,
FMNH 170889,Odocoileus virginianus,Aug-01,8.1.6,Closed Woodlands,862,borealis,Michigan,"Van Buren county, 42 deg 16' N X 86 deg 17' W",F,1,metaconid,2,metaconid,1.5,,,1,metaconid,1,1,metaconid,1,1,entoconid,1,paracone,1,paracone,1,metacone,1,paracone,1,metacone,0,metacone,10.63,10.71,11.4,9.64,10.29,7.68,16.44,,22.77,,1.00752587,0.845614035,0.746355685,0.586374696,,,,,,,,,,,,,
FMNH 18784,Odocoileus virginianus,13-Apr-11,,Closed Woodlands,145,gymnotis,venezuela,"zulia, sabana empalado",F,1,metaconid,1,metaconid,1,1,metaconid,1,metaconid,1,1,metaconid,1,1,metaconid,1,paracone,1,metacone,1,paracone,1,metacone,0,paracone,0,paracone,10.07,13.2,10.49,12.45,9.49,9.64,16.45,,20.42,,1.31082423,1.186844614,1.015806112,0.756838906,34.82,33.67,238.47,35.92,40.32,73.63,66.06,49.24,31.46,18.03,182.7,95.2,
FMNH 18980,Odocoileus virginianus,11-May-01,,Closed Woodlands,3500,rothschildi,panama,Coiba I,M,,,,,,1,metaconid,1,Metaconid,1,0,metaconid,0,0,metaconid,,,,,1,paracone,1,paracone,1,paracone,1,paracone,8.59,10.79,8.49,9.71,7.29,8.02,12.67,,16.23,,1.256111758,1.143698469,1.100137174,,27.8,24.78,205.34,34.11,39.2,64.2,54.56,38.51,26.65,17.78,159.42,77.82,
FMNH 214510,Odocoileus virginianus,18-Mar-09,8.2.3,Mixed Plains,942,borealis,Illinois,"Cook county, Crabtree nature center neaar Barrington",F,,,,,,1,ento,1, met,1,1,ENTO,1,1,entoconid,1,paracone,1,paracone,1,paracone,1,paracone,1,paracone,1,paracone,9.49,11.77,10.76,11.73,9.39,,15.08,,20.19,,1.240252898,1.090148699,,0.777851459,32.9,33.36,300.32,50.29,51.51,100.83,80.21,49,32.61,24.16,236.46,113.45,
FMNH 214511 ,Odocoileus virginianus,18-Mar-09,8.2.3,Mixed Plains,942,borealis,Illinois,"Cook county, Crabtree nature center neaar Barrington",F,2,metaconid,2,metaconid,2,1,entoconid,1,entoconid,1,1,entoconid,1,1,entoconid,2,metacone,1,paracone,1,metacone,1,met,,,1,metacone,10.22,8.67,10.29,8.28,8.89,6.29,15.43,,20.75,,0.848336595,0.804664723,0.707536558,0.53661698,32.26,31.32,288.13,47.4,53.38,96.57,88.23,48.46,30.13,24.73,226.79,109.41,
FMNH 215513,Odocoileus virginianus,25-Mar-09,8.2.3,Mixed Plains,942,borealis,Illinois,"Cook county,  Busse Woods, Ned Brown Forest Preserve",F,1,metaconid,1,metaconid,1,1,metaconid,1,metaconid,1,1,metaconid,1,1,metaconid,1,metacone,1,met,1,metacone,,,0,metacone,1,metacone,10.29,9.78,10.56,8.8,10.01,7.2,15.39,,21.24,,0.950437318,0.833333333,0.719280719,0.57179987,31.22,28.77,293.77,52.01,49.95,96.34,79.49,50.55,32.85,21.95,231.6,117.36,
FMNH 21805,Odocoileus hemionus ,1919,11.1.3,Mixed Woodlands,525,fuliginatus,Mexico,"baja california, San Pedro Martir Mts, Santa Eulalia",f,,,1,metaconid,1,,,1,metaconid,1,,,1,1,metaconid,,,,,,,,,,,,,9.78,13.19,9.65,11.43,8.01,9.07,15.39,,20.22,,1.348670757,1.184455959,1.132334582,0.742690058,30.17,31.88,253.68,43.59,50.76,82.59,76.63,49.69,27.84,23.33,213.32,NA,
FMNH 44829,Odocoileus virginianus,28-Jan-37,8.1.6,Closed Woodlands,862,borealis,Michigan,"Washtenaw county, George reserve ",F,1,metaconid,1,metaconid,1,1,metaconid,1,metaconid,1,1,metaconid,1,1,metaconid,1,paracone,1,paracone,0,paracone,1,paracone,1,paracone,1,paracone,11.09,11.53,10.51,10.61,9.14,8.29,16.16,,19.36,,1.039675383,1.009514748,0.907002188,0.656559406,,,,,,,,,,,,,
FMNH 47049,Odocoileus virginianus,15-Sep-36,,Mixed Woodlands,,,Ecuador,cordillera de los Llangamates,M,,,,,,1,entoconid,1,Metaconid,1,1,metaconid,1,1,metaconid,,,,,0,metacone,1,metacone,0,paracone,1,paracone,10.15,14.23,10.62,12.18,9.63,10.73,16.58,,20.64,,1.401970443,1.146892655,1.114226376,,36.85,34.86,,,46.3,,67.17,50.35,35.61,23.02,191.42,104.33,
FMNH 47746,Odocoileus virginianus,nov 15 1935,5.2.1,Closed Woodlands,768,borealis,Minnesota,"Red Lake county, Red Lake",M,,,,,,1,metaconid,1,metaconid,1,1,metaconid,1,1,metaconid,1,metacone,1,metacone,1,metacone,1,metacone,1,metacone,1,metacone,10.84,10.2,11.55,10.58,,,17.14,,22.2,,0.94095941,0.916017316,,0.617269545,34.73,31.71,NA,50.19,52.44,NA,86.46,51.74,34.14,23.98,234.66,122.82,
FMNH 48490,Odocoileus virginianus,Aug-38,9.6.1,Grassland,592,miquihuanensis?,Mexico,"Nuevo leon, cerro potosi, near la jolla galeana",M,,,,,,1,metaconid,1,metaconid,1,1,metaconid,1,1,metaconid,,,,,1,metacone,1,metacone,1,paracone,1,paracone,9.85,11.03,10.69,10.43,10.12,6.8,15.56,,20.4,,1.119796954,0.975678204,0.671936759,0.670308483,34.43,32.51,268.6,46.88,45.31,81.39,70.3,51,32.49,24.69,201.03,97.86,
FMNH 48940,Odocoileus virginianus,aug 5 1922,15.4.1,Wet Plains,1338,clavium,FL,Big Pine Key,M,,,1,metaconid,1,,,1,metaconid,1,,,0,0,entoconid,1,metacone,1,metacone,1,metacone,1,metacone,1,paracone,1,paracone,8.46,11.29,8.76,10.39,7.94,9.2,13.67,,16.69,,1.334515366,1.186073059,1.158690176,0.760058522,28.69,28.35,234.83,36.52,45.07,70.98,63.34,42.92,25.02,16.89,177.74,84.34,
FMNH 52504,Odocoileus virginianus,6-Dec-41,,Tropical Mountains,287,peruvianus,peru,"apurimac, Abancay, Quebradab matara, hacienda matara, 2000m ",F,1,metaconid,1,metaconid,1,1,entoconid,1,entoconid,1,1,entoconid,1,1,entoconid,1,metacone,1,metacone,1,paracone,1,paracone,,,0,metacone,8.11,10.15,8.61,9.23,8.07,6.94,12.72,,17.15,,1.251541307,1.072009292,0.859975217,0.725628931,,,,,,,,,,,,,
FMNH 54014,Odocoileus virginianus ,17-Oct-44,5.1.2,Closed Woodlands,800,borealis,"Ontario, CA",Quibell,M,1,metaconid,1,metaconid,1,1,entoconid,1,metaconid,1,1,metaconid,1,1,metaconid,0,metacone,0,metacone,0,metacone,0,metacone,1,paracone,1,paracone,10.72,14.86,10.34,13.66,8.99,9.91,17.25,,22.33,,1.38619403,1.321083172,1.102335929,0.791884058,36.75,34.66,,47.77,49.49,,80.97,53.74,34.07,23.76,226.4,117.19,
FMNH 55662,Odocoileus virginianus,Oct-46,,Grassland,340,,texas,"presidio county, porvenir",,,,,,,,,,,,,,,,,,,,,,,,,,,,,9.72,16.12,,,,,,,23.33,,1.658436214,,,,,36.32,,,,,69.51,54.02,31.17,23.11,205.6,98.6,
FMNH 66406,Odocoileus hemionus ,sept 1898,7.1.8,Closed Woodlands,2149,columbianus,WA,"Clallam county, Olympic mts., Happy Lake",F,2,metaconid,2,entoconid,2,1,metaconid,1,metaconid,1,1,metaconid,1,1,metaconid,2,paracone,2,paracone,1,paracone,1,paracone,1,paracone,0,paracone,9.02,11.53,8.93,10.14,8.89,8.4,14.02,14.82,19.35,19.01,1.27827051,1.13549832,0.94488189,0.723252496,,,,,,,,,,,,,
FMNH 72893,Odocoileus virginianus,12-Nov-51,5.2.1,Closed Woodlands,768,borealis,"Ontario, CA","Burditt Lake, 12 mi N Emo",F,1,entoconid,1,entoconid,1,1,metaconid,1,metaconid,1,1,entoconid,,1,,1,paracone,1,paracone,1,paracone,1,paracone,0,paracone,1,paracone,9.9,12.67,10.06,10.94,8.65,8.23,15.31,,9.24,,1.27979798,1.087475149,0.951445087,0.714565643,34.55,32.84,283.93,50.08,48.54,89.48,74.99,48.91,26.78,21.72,218.66,103.48,
FMNH 7612,Odocoileus virginianus,,10.2.4,Grassland,340,couesi,Mexico,chihuahua Casas grandes,M,,,1,metaconid,1,1,metaconid,,,1,1,metaconid,1,1,metaconid,,,,,,,,,,,,,8.56,12.98,8.59,11.92,,,13.72,,16.95,,1.51635514,1.38766007,,0.868804665,,,,,,,,,,,,,
FMNH 7613,Odocoileus virginianus,,10.2.4,Grassland,340,couesi,Mexico,chihuahua Casas grandes,M,1,metaconid,0,metaconid,0.5,,,0,entoconid,0,,,,,,1,metacone,1,metacone,,,,,1,paracone,1,paracone,,,10.07,10.08,,,14.6,,,,,1.000993049,,0.690410959,,,,,,,,,,,,,
FMNH 7614,Odocoileus virginianus,,10.2.4,Grassland,340,couesi,Mexico,chihuahua Casas grandes,M,1,metaconid,1,metaconid,1,,,0,entoconid,0,,,1,1,metaconid,1,metacone,1,metacone,1,metacone,1,metacone,0,paracone,0,paracone,8.46,11.11,9.2,10.26,7.84,7.53,15.47,,18.38,,1.313238771,1.115217391,0.960459184,0.663219134,,,,,,,,,,,,,
FMNH 78422,Odocoileus virginianus,31-Dec-50,,Mixed Woodlands,40,peruvianus,peru,"puno, sandia, la pachetaq, w of sandia",M,,,,,,1,metaconid,1,metaconid,1,1,metaconid,1,1,metaconid,,,,,1,paracone,1,paracone,1,paracone,1,paracone,8.74,11.82,7.82,10.54,8,8.1,13.23,,17.18,,1.352402746,1.347826087,1.0125,0.796674225,,,,,,,,,,,,,
FMNH 87873,Odocoileus virginianus,24-Apr-57,,Tropical Mountains,,,colombia ,"metam san juan de aramam los micos, 400 m ",M,,,,,,1,metaconid,1,Metaconid,1,1,metaconid,1,1,metaconid,,,,,1,paracone,1,paracone,0,paracone,1,paracone,8.65,10.46,8.52,10.06,7.95,7.29,13.71,,17.77,,1.209248555,1.180751174,0.916981132,,30.4,28.73,229.5,36.34,41.93,74.14,64.55,43.78,28.58,20.7,178.54,94.6,
FMNH 9931,Odocoileus hemionus ,4-Aug-02,11.1.1,Open Woodlands,548,fuliginatus,Mexico,"baja california, san quintin",M,1,metaconid,,,1,1,entoconid,,,1,1,entoconid,,1,,,,,,,,,,,,,,8.73,11.79,9.47,10.63,8.51,9.01,14.29,,19.56,,1.350515464,1.12249208,1.058754407,0.743876837,30.7,31.28,273.66,48.81,56.13,84.06,73.05,45.42,29.34,22.08,200.92,109.97,
FMNH 9933,Odocoileus hemionus ,29-Sep-02,11.1.3,Mixed Woodlands,525,fuliginatus,mexico,"baja california, San Pedro Martir Mts, Vallecitos",F,,,,,,2,metaconid,2,metaconid,2,1,metaconid,1,1,metaconid,,,,,,,,,,,,,9.45,10.65,10.04,8.27,,,15.7,,21.18,,1.126984127,0.823705179,,0.526751592,32.49,31.3,270.72,51.9,45.95,91.01,76.91,48.62,30.13,23.25,213.23,105.47,old
FMNH 9935,Odocoileus hemionus ,29-Sep-02,11.1.3,Mixed Woodlands,525,fuliginatus,Mexico,"baja california, San Pedro Martir Mts, Vallecitos",F,1,metaconid,2,metaconid,1.5,1,metaconid,1,metaconid,1,1,metaconid,1,1,metaconid,2,paracone,2,paracone,1,paracone,1,paracone,1,paracone,1,paracone,8.93,11.65,9.81,10.15,8.55,7.91,16.25,,20.51,,1.304591265,1.034658512,0.925146199,0.624615385,32.27,34.15,248.22,44.43,47.96,77.11,61.5,50.22,29.78,22.02,191.38,102.06,
FMNH 9937,Odocoileus hemionus ,23-Sep-02,11.1.3,Mixed Woodlands,525,fuliginatus,Mexico,"baja california, San Pedro Martir Mts, Vallecitos",F,1,metaconid,1,metaconid,1,0,entoconid,1,entoconid,0.5,0,ento,0,0,metaconid,1,paracone,1,paracone,1,paracone,1,paracone,1,paracone,1,paracone,9.41,12.39,9.83,10.47,8.31,8.52,16.5,,21.71,,1.316684378,1.065106816,1.025270758,0.634545455,33.33,34.56,275.76,48.54,50.52,88.01,72.43,51.9,33.03,21.72,216.03,104.58,
FMNH 9940,Odocoileus hemionus ,4-Jul-02,11.1.3,Mixed Woodlands,525,fuliginatus,Mexico,"baja. California, Parral",F,0,entoconid,,,0,1,metaconid,1,metaconid,1,0,entoconid,1,0.5,metaconid,0,metacone,1,metacone,1,metacone,1,paracone,1,paracone,,,,,,,,,15.45,,17.89,,,,,0,38.37,36.1,48.1,45.39,44.97,74.85,57.73,55.72,34.66,19.68,193.17,91.85,
FMNH 9942,Odocoileus hemionus ,2-Sep-02,11.1.3,Mixed Woodlands,525,fuliginatus,Mexico,"baja california, San Pedro Martir Mts, Santa Eulalia",F,1,metaconid,1,entoconid,1,0,entoconid,1,metaconid,0.5,1,metaconid,1,1,metaconid,1,paracone,1,paracone,1,met,1,met,0,met,1,metacone,9.18,14.87,9.32,12.99,8.9,10.99,15.16,,21.33,,1.619825708,1.393776824,1.234831461,0.856860158,34.45,30.4,261.98,53.34,50.66,84.27,69.69,48.74,29.71,22.3,198.88,102.18,
UF 12808,Odocoileus virginianus,,8.5.3,Wet Plains,1338,,FL,Marion county,M,,,,,,,,1,metaconid,1,,,,,,,,,,,,,,,,,,,,,,,,,,,,,,,,31.62,31.98,275.45,39.99,48.79,82.86,71.4,49.62,33.52,22.99,204.09,103.97,
UF 13489,Odocoileus virginianus,,,,,,FL,,F,1,entoconid,1,entoconid,1,1,entoconid,1,entoconid,1,1,metaconid,1,1,metaconid,1,metacone,1,metacone,1,metacone,1,metacone,1,paracone,1,paracone,10.39,10.49,10.33,10.8,9.88,8.36,17.15,16.67,20.38,22.11,1.00962464,1.04549855,0.84615385,0.629737609,32.39,32.32,267.82,36.36,45.03,84.48,,51.13,28.75,17.99,,97.06,
UF 20752,Odocoileus virginianus ,,15.4.1,Wet Plains,1338,clavium,FL,Monroe county,M,1,metaconid,,,1,1,metaconid,1,metaconid,1,1,metaconid,1,1,metaconid,1,paracone,1,paracone,1,paracone,1,paracone,0,paracone,0,paracone,7.5,10.3,8.2,9.7,6.79,7.39,13,,16.44,,1.37333333,1.18292683,1.08836524,0.746153846,,26.48,,,43.16,,65.03,41.77,24.55,16.05,189,87.7133.37,
UF 24017,Odocoileus virginianus,,15.4.1,Wet Plains,1338,,FL,Collier county,m,1,metaconid,0,metaconid,0.5,1,metaconid,1,metaconid,1,,,1,1,metaconid,,,,,,,,,1,paracone,1,paracone,10.79,12.06,11.07,11.95,9.5,8.43,15.82,16.58,20.86,21.25,1.11770158,1.07949413,0.88736842,0.755372946,,,,,,,,,,,,,
UF 25430,Odocoileus virginianus,,15.4.1,Wet Plains,1338,,FL,Collier county,f,,,,,,,,,,,,,,,,,,,,2,paracone,2,paracone,,,,,,,,,,,,,,,,,,,,,,,,,,,,,,,
UF 30365,Odocoileus virginianus,,5.3.3,Closed Woodlands,1082,,PA,Pike county,,2.5,entoconid,2.5,entoconid,2.5,2,entoconid,2,entoconid,2,2,entoconid,2,2,entoconid,,,2,metacone,,,2,paracone,,,,,,,,,,,,,,,,,,,,,,,,,,,,,,,
UF 3262,Odocoileus virginianus,,8.5.3,Wet Plains,1338,,FL,Putnam county,M,,,1,metaconid,1,,,1,metaconid,1,,,1,1,metaconid,1,paracone,1,paracone,0,paracone,1,metacone,0,metacone,1,paracone,10.69,10.32,10.7,9.54,9.49,7.84,,15.71,,22.11,0.96538821,0.89158879,0.82613277,,,,,,,,,,,,,,
UF 3268,Odocoileus virginianus,,8.5.3,Wet Plains,1338,,FL,Levy county,,,,,,,,,,,,,,,,,,,1,paracone,2,paracone,1,paracone,1,paracone,1,paracone,,,,,,,,,,,,,,,33.81,34.05,,37.5,48.27,,81.15,48.69,31.17,26.38,219.8,99.56,
UF 4991,Odocoileus virginianus,,15.4.1,Wet Plains,1338,,FL,Collier county,F,1,metaconid,,,1,1,entoconid,1,entoconid,1,1,metaconid,1,1,metaconid,1,metacone,1,metacone,1,paracone,1,metacone,1,paracone,1,paracone,8.9,13.51,9.55,10.38,8.72,8.58,16.1,17.22,22.29,23.2,1.51797753,1.08691099,0.98394495,0.644720497,35.51,32.97,261.33,34.88,43.41,81.78,70.99,25.57,17.32,17.25,202.35,92.05,
UF 4992,Odocoileus virginianus,,15.4.1,Wet Plains,1338,,FL,Collier county,M,,,1,metaconid,1,,,1,metaconid,1,,,1,1,metaconid,,,,,1,paracone,1,metacone,0,metacone,0,metacone,,,,,,,,14.95,,20.12,,,,,,,,,,,,,,,,,
UF 4993,Odocoileus virginianus,,15.4.1,Wet Plains,1338,,FL,Collier county,F,,,0,entoconid,0,1,metaconid,1,metaconid,1,0,metaconid,0,0,metaconid,0,metacone,0,metacone,1,paracone,1,paracone,1,paracone,1,paracone,9.24,11.83,8.62,11.68,7.95,8.73,14.32,14.95,18.97,18.67,1.28030303,1.3549884,1.09811321,0.815642458,30.53,30.34,245.21,30.93,43.51,73.87,66.43,48.46,29.1,16.66,196.19,92.7,
UF 4994,Odocoileus virginianus,,15.4.1,Wet Plains,1338,,FL,Collier county,F,1,entoconid,,,1,1,entoconid,,,1,1,entoconid,1,1,entoconid,1,paracone,1,metacone,0,paracone,1,metacone,0,metacone,0,metacone,9.42,8.41,9.89,7.76,8.66,7.8,,,,,0.89278132,0.78463094,0.90069284,,29.75,32,251.34,34.77,43.53,79.81,65.09,48.19,28.99,20.1,44.56,94.21,
UF 4995,Odocoileus virginianus,,15.4.1,Wet Plains,1338,,FL,Collier county,M,,,,,,1,metaconid,,,1,0,metaconid,1,0.5,metaconid,1,paracone,1,paracone,0,metacone,1,metacone,0,paracone,0,metacone,9.55,11.24,9.77,10.46,8.17,7.18,,,,,1.17696335,1.07062436,0.87882497,,34.13,32.11,279.56,38.48,44.77,94.7,79.08,47.18,28.01,22.27,209.99,,
UF 4998,Odocoileus virginianus,,15.4.1,Wet Plains,1338,,FL,Collier county,F,3,metaconid,3,metaconid,3,1,metaconid,1,metaconid,1,1,metaconid,1,1,entoconid,1,metacone,1,metacone,1,metacone,1,metacone,1,paracone,1,paracone,9.63,8.78,9.18,8.92,7.98,7.02,13.68,13.93,,,0.91173416,0.97167756,0.87969925,0.652046784,,,,,,,,,,,,,
UF 5973,Odocoileus virginianus,,8.5.3,Wet Plains,1338,,FL,Flagler county,m,1,metaconid,1,metaconid,1,0,metaconid,,,0,0,metaconid,0,0,metaconid,1,metacone,1,metacone,1,paracone,0,metacone,0,metacone,0,metacone,9,11.49,9.63,10.69,8.98,7.81,16.39,,21.81,,1.27666667,1.11007269,0.86971047,0.652226968,33.39,34.59,,,44.86,,72.01,52.84,25.93,22.68,,,
UF 8139,Odocoileus virginianus,,5.3.1,Closed Woodlands,1200,,ME,Maine,,1,metaconid,0,metaconid,0.5,0,entoconid,0,metaconid,0,0,entoconid,0,0,metaconid,0,paracone,0,paracone,0,paracone,0,paracone,0,paracone,0,paracone,10.83,12.72,10.61,11.16,9.32,8.87,16.17,,23.33,,1.17451524,1.05183789,0.95171674,0.690166976,,,,,,,,,,,,,
UF 8651,Odocoileus virginianus ,,15.4.1,Wet Plains,1338,clavium,FL,Monroe county,,1,metaconid,,,1,1,metaconid,,,1,1,metaconid,,1,,,,,,,,,,,,,,8.79,10.39,9.4,11.78,7.77,7.88,14.69,,17.26,,1.18202503,1.25319149,1.01415701,0.801906059,,,,,,,,43.07,25.19,15.37,,85.58,
UF 8651,Odocoileus virginianus ,,15.4.1,Wet Plains,1338,clavium,FL,Monroe county,,,,1,metaconid,1,,,1,metaconid,1,,,1,1,metaconid,,,,,,,,,,,,,8.19,9.62,8.66,9.96,8.15,9.7,,14.89,,15.94,1.17460317,1.15011547,1.19018405,,,27.81,,,,,64.17,45.3,23.96,16.16,177.56,89.11,
UF 8651,Odocoileus virginianus ,,15.4.1,Wet Plains,1338,clavium,FL,Monroe county,,1,entoconid,,,1,0,entoconid,,,0,0,metaconid,,0,,,,,,,,,,,,,,7.69,9.71,8.13,10.5,7.16,8.91,13.8,,14.82,,1.2626788,1.29151292,1.24441341,0.760869565,,38.66,,,,,,46.99,24.66,15.72,,74.02,
UF 8651,Odocoileus virginianus ,,15.4.1,Wet Plains,1338,clavium,FL,Monroe county,,,,,,,,,,,,,,,,,1,metacone,1,metacone,1,paracone,1,paracone,,,,,,,11.27,8.79,,,11.76,,,,,0.77994676,,0.74744898,20.23,,,,40.39,,,,,,,,
UF 8724,Odocoileus virginianus,,15.4.1,Wet Plains,1338,,FL,Collier county,,,,1,metaconid,1,0,metaconid,0,metaconid,0,0,metaconid,0,0,metaconid,,,,,,,,,,,,,,,,,,,14.14,14.64,,,,,,0,,,,,,,,,,,,,
UF 8724,Odocoileus virginianus,,15.4.1,Wet Plains,1338,,FL,Collier county,,,,0,metaconid,0,0,entoconid,1,entoconid,0.5,0,entoconid,0,0,metaconid,,,,,,,,,,,,,9.4,10.19,8.56,10.49,7.28,8.3,14.38,14.45,,,1.08404255,1.22546729,1.14010989,0.729485396,,,,,,,,,,,,,
UF 8724,Odocoileus virginianus,,15.4.1,Wet Plains,1338,,FL,Collier county,,1,metaconid,1,metaconid,1,0,entoconid,1,entoconid,0.5,0,entoconid,0,0,entoconid,,,,,,,,,,,,,10.84,7.93,10.18,9.45,8.4,7.14,14.19,14.38,,,0.73154982,0.92829077,0.85,0.665961945,,,,,,,,,,,,,
UF 8724,Odocoileus virginianus,,15.4.1,Wet Plains,1338,,FL,Collier county,,1,entoconid,1,entoconid,1,1,entoconid,1,entoconid,1,0,entoconid,1,0.5,entoconid,,,,,,,,,,,,,10.13,8.9,9.9,8.96,8.32,7.75,15.49,15.39,,,0.87857848,0.90505051,0.93149038,0.578437702,,,,,,,,,,,,,
UF 8724,Odocoileus virginianus,,15.4.1,Wet Plains,1338,,FL,Collier county,,,,1,entoconid,1,,,1,metaconid,1,1,metaconid,1,1,entoconid,,,,,,,,,,,,,10.09,9.22,11.23,11.16,9.2,7.96,,16.08,,,0.91377602,0.9937667,0.86521739,,,,,,,,,,,,,,
UF 8724,Odocoileus virginianus,,15.4.1,Wet Plains,1338,,FL,Collier county,,1,entoconid,,,1,1,metaconid,1,metaconid,1,1,metaconid,0,0.5,metaconid,,,,,,,,,,,,,10.06,9.83,10.25,9.67,8.17,7.5,16.04,,,,0.97713718,0.94341463,0.91799266,0.60286783,,,,,,,,,,,,,
UF 8724,Odocoileus virginianus,,15.4.1,Wet Plains,1338,,FL,Collier county,,0,metaconid,0,entoconid,0,0,entoconid,1,entoconid,0.5,0,metaconid,0,0,metaconid,,,,,,,,,,,,,11.25,12.37,11.35,10.51,9.76,9.01,15.89,15.2,,,1.09955556,0.92599119,0.92315574,0.661422278,,,,,,,,,,,,,
UF 8724,Odocoileus virginianus,,15.4.1,Wet Plains,1338,,FL,Collier county,,,,1,metaconid,1,,,0,metaconid,0,,,0,0,metaconid,,,,,,,,,,,,,10.9,10.76,11.09,11.46,9.74,10.15,,16.17,,,0.98715596,1.03336339,1.04209446,,,,,,,,,,,,,,
UF 8724,Odocoileus virginianus,,15.4.1,Wet Plains,1338,,FL,Collier county,,1,metaconid,1,metaconid,1,1,metaconid,1,metaconid,1,,,,,,,,,,,,,,,,,,,,,,,,,,,,,,,,,,,,,,,,,,,,
UF 8724,Odocoileus virginianus,,15.4.1,Wet Plains,1338,,FL,Collier county,,1,metaconid,1,entoconid,1,0,metaconid,0,metaconid,0,1,metaconid,1,1,metaconid,,,,,,,,,,,,,10.4,9.96,9.37,10.76,8.13,7.32,14.24,,,,0.95769231,1.14834578,0.900369,0.755617978,,,,,,,,,,,,,
UF 8724,Odocoileus virginianus,,15.4.1,Wet Plains,1338,,FL,Collier county,,1,metaconid,1,entoconid,1,0,entoconid,1,metaconid,0.5,0,entoconid,,0,,,,,,,,,,,,,,9.9,10.1,9.39,9.95,7.7,7.45,14.74,,20.91,19.19,1.02020202,1.05963791,0.96753247,0.675033921,,,,,,,,,,,,,
UF 8724,Odocoileus virginianus,,15.4.1,Wet Plains,1338,,FL,Collier county,,,,,,,,,1,metaconid,1,,,1,1,metaconid,,,,,,,,,,,,,9.71,10.43,10.16,11.57,,,,14.79,,19.52,1.07415036,1.13877953,,,,,,,,,,,,,,,
UF 8724,Odocoileus virginianus,,15.4.1,Wet Plains,1338,,FL,Collier county,,,,,,,,,1,metaconid,1,1,metaconid,1,1,metaconid,,,,,,,,,,,,,10.69,11.46,10.75,11.15,,,,14.58,,18.85,1.07202993,1.0372093,,,,,,,,,,,,,,,
UF 8724,Odocoileus virginianus,,15.4.1,Wet Plains,1338,,FL,Collier county,,,,1,entoconid,1,,,1,entoconid,1,,,1,1,entoconid,,,,,,,,,,,,,9.69,10.18,10.51,12.59,8.79,9.36,,15.84,,18.75,1.0505676,1.19790676,1.06484642,,,,,,,,,,,,,,
UF 8724,Odocoileus virginianus,,15.4.1,Wet Plains,1338,,FL,Collier county,M,1,entoconid,2,entoconid,1.5,1,entoconid,1,metaconid,1,1,metaconid,1,1,metaconid,,,,,,,,,,,,,10.41,8.61,10.7,9.86,9.58,7.53,16.13,,,,0.82708934,0.92149533,0.78601253,0.611283323,,,,,,,,,,,,,
UF 8726,Odocoileus virginianus,,8.5.1,Mixed Plains,1229,,FL,Citrus county,,1,entoconid,1,entoconid,1,0,metaconid,0,entoconid,0,0,entoconid,0,0,entoconid,,,,,,,,,,,,,10.09,8.76,10.47,8.13,8.58,7.22,,,,,0.86818632,0.7765043,0.84149184,,,,,,,,,,,,,,
UF 8726,Odocoileus virginianus,,8.5.1,Mixed Plains,1229,,FL,Citrus county,,,,,,,,,1,entoconid,1,,,1,1,entoconid,,,,,,,,,,,,,9.49,8.77,9.54,8.23,,,,,,,0.92413066,0.86268344,,,,,,,,,,,,,,,
UF 8726,Odocoileus virginianus,,8.5.1,Mixed Plains,1229,,FL,Citrus county,,0,metaconid,0,metaconid,0,0,metaconid,0,metaconid,0,0,entoconid,0,0,entoconid,,,,,,,,,,,,,10.13,10.84,10.46,11.02,8.75,8.07,,,,,1.07008885,1.05353728,,,,,,,,,,,,,,,
UF 8728,Odocoileus virginianus,,8.5.3,Wet Plains,1338,,FL,Levy county,,0,entoconid,,,0,,,0,metaconid,0,0,entoconid,0,0,metaconid,,,,,,,,,,,,,8.97,9.53,9.46,11.37,8.57,9.55,16.77,17.19,19.31,18.17,1.06243032,1.20190275,1.11435239,0.677996422,,,,,,,,,,,,,
UF 8728,Odocoileus virginianus,,8.5.3,Wet Plains,1338,,FL,Levy county,,1,entoconid,,,1,0,metaconid,0,metaconid,0,0,metaconid,0,0,metaconid,,,,,,,,,,,,,9.39,10.08,9.31,10.87,8.55,8.43,15.11,16.94,19.24,20,1.07348243,1.16756176,0.98596491,0.719391132,,,,,,,,,,,,,
UF 8728,Odocoileus virginianus,,8.5.3,Wet Plains,1338,,FL,Levy county,,0,entoconid,0,entoconid,0,0,metaconid,0,metaconid,0,,,,,,,,,,,,,,,,,,11,8.72,10.92,11.01,9.23,7.85,15.19,16.04,21.51,21.02,0.79272727,1.00824176,0.85048754,0.72481896,,,,,,,,,,,,,
UF 8728,Odocoileus virginianus,,8.5.3,Wet Plains,1338,,FL,Levy county,,0,entoconid,,,0,0,metaconid,,,0,1,metaconid,,1,,,,,,,,,,,,,,9.35,10.11,9.19,10.89,8.61,8.14,14.25,,17.53,,1.08128342,1.18498368,0.94541231,0.764210526,,,,,,,,,,,,,
UF 8728,Odocoileus virginianus,,8.5.3,Wet Plains,1338,,FL,Levy county,,1,metaconid,,,1,1,metaconid,,,1,0,entoconid,,0,,,,,,,,,,,,,,9.65,10.98,9.91,10.86,9.03,9.42,15.81,,22.41,,1.13782383,1.09586276,1.04318937,0.686907021,,,,,,,,,,,,,
UF 8729,Odocoileus virginianus,,8.3.5,Mixed Plains,1358,,FL,Okaloosa county,,1,metaconid,1,metaconid,1,1,metaconid,1,metaconid,1,0,metaconid,0,0,metaconid,,,,,,,,,,,,,,,,,,,,,,,,,,,,,,,,,,,,,,,
UF 8729,Odocoileus virginianus,,8.3.5,Mixed Plains,1358,,FL,Okaloosa county,,,,1,metaconid,1,,,1,metaconid,1,,,0,0,metaconid,,,,,,,,,,,,,10.48,11.74,10.31,10.59,9.26,9.96,,15.71,,20.69,1.12022901,1.0271581,1.07559395,,,,,,,,,,,,,,
UF 8729,Odocoileus virginianus,,8.3.5,Mixed Plains,1358,,FL,Okaloosa county,,2,entoconid,2,metaconid,2,1,metaconid,1,metaconid,1,1,metaconid,1,1,metaconid,,,,,,,,,,,,,,,,,,,,,,,,,,,,,,,,,,,,,,,
UF 8729,Odocoileus virginianus,,8.3.5,Mixed Plains,1358,,FL,Okaloosa county,,,,1,metaconid,1,,,1,metaconid,1,,,1,1,metaconid,,,,,,,,,,,,,9.94,11.29,10.15,10.96,8.8,8.53,,15.91,,19.62,1.13581489,1.07980296,0.96931818,,,,,,,,,,,,,,
UF 8729,Odocoileus virginianus,,8.3.5,Mixed Plains,1358,,FL,Okaloosa county,,1,metaconid,,,1,1,entoconid,,,1,,,,,,,,,,,,,,,,,,8.6,12.13,8.51,9.72,8.14,8.08,16.09,,22.16,,1.41046512,1.14218566,0.99262899,0.604101927,,,,,,,,,,,,,
UF 8729,Odocoileus virginianus,,8.3.5,Mixed Plains,1358,,FL,Okaloosa county,,,,,,,0,entoconid,1,entoconid,0.5,1,entoconid,1,1,metaconid,,,,,,,,,,,,,9.62,8.9,9.11,9.07,8.5,7.84,18.69,,22.46,,0.92515593,0.99560922,0.92235294,0.485286249,,,,,,,,,,,,,
UF 8729,Odocoileus virginianus,,8.3.5,Mixed Plains,1358,,FL,Okaloosa county,,,,1,metaconid,1,,,0,entoconid,0,1,entoconid,1,1,entoconid,,,,,,,,,,,,,10.06,10.23,9.66,11.94,8.9,8.74,15.96,,22.33,,1.01689861,1.23602484,0.98202247,0.748120301,,,,,,,,,,,,,
UF 8729,Odocoileus virginianus,,8.3.5,Mixed Plains,1358,,FL,Okaloosa county,,1,metaconid,1,entoconid,1,0,entoconid,0,entoconid,0,0,metaconid,0,0,metaconid,,,,,,,,,,,,,9.48,11.62,9.67,9.49,8.65,7.79,15.75,,22.55,,1.2257384,0.98138573,0.90057803,0.602539683,,,,,,,,,,,,,
UF 8729,Odocoileus virginianus,,8.3.5,Mixed Plains,1358,,FL,Okaloosa county,,1,metaconid,1,metaconid,1,1,entoconid,1,entoconid,1,0,entoconid,1,0.5,entoconid,,,,,,,,,,,,,,,,,,,,,,,,,,,,,,,,,,,,,,,
UF 8734,Odocoileus virginianus,,8.5.3,Wet Plains,1338,,FL,Columbia county,,,,1,entoconid,1,1,entoconid,1,entoconid,1,1,metaconid,1,1,metaconid,,,,,,,,,,,,,10.12,10.87,9.96,10.36,8.3,7.55,,,,,1.07411067,1.04016064,0.90963855,,,,,,,,,,,,,,
UF 8734,Odocoileus virginianus,,8.5.3,Wet Plains,1338,,FL,Columbia county,M,1,metaconid,,,1,1,metaconid,,,1,1,entoconid,,1,,,,,,,,,,,,,,10.47,10.19,10.32,11.78,8.95,8.78,,,,,0.97325692,1.14147287,0.98100559,,,,,,,,,,,,,,
UF 8734,Odocoileus virginianus,,8.5.3,Wet Plains,1338,,FL,Columbia county,,,,,,,,,1,entoconid,1,,,,,,,,,,,,,,,,,,,,,,,,,,,,,,,,,,,,,,,,,,,,
UF 8734,Odocoileus virginianus,,8.5.3,Wet Plains,1338,,FL,Columbia county,M,1,entoconid,1,entoconid,1,0,entoconid,0,metaconid,0,0,entoconid,0,0,metaconid,,,,,,,,,,,,,8.77,10.85,9.04,9.78,8.11,7.51,,,,,1.23717218,1.08185841,0.92601726,,,,,,,,,,,,,,
UF 8734,Odocoileus virginianus,,8.5.3,Wet Plains,1338,,FL,Columbia county,M,,,1,entoconid,1,,,0,entoconid,0,,,,,,,,,,,,,,,,,,9.75,9.55,9.08,7.84,7.84,6.3,,,,,0.97948718,0.86343612,0.80357143,,,,,,,,,,,,,,
UF 8734,Odocoileus virginianus,,8.5.3,Wet Plains,1338,,FL,Columbia county,,1,metaconid,1,metaconid,1,1,entoconid,1,entoconid,1,,,,,,,,,,,,,,,,,,8.82,9.53,9.49,8.83,8.31,6.6,,,,,1.08049887,0.93045311,0.79422383,,,,,,,,,,,,,,
UF 8736,Odocoileus virginianus,,8.5.3,Wet Plains,1338,,FL,Levy county,,2,metaconid,,,2,2,metaconid,,,2,1,metaconid,,1,,,,,,,,,,,,,,,,,,,,,,,,,,,,,,,,,,,,,,,,
UF 8736,Odocoileus virginianus,,8.5.3,Wet Plains,1338,,FL,Levy county,,1,metaconid,,,1,1,metaconid,,,1,1,metaconid,,1,,,,,,,,,,,,,,10.04,11.38,9.71,10.79,9.04,8.55,16.62,,22.5,,1.13346614,1.11122554,0.94579646,0.64921781,,,,,,,,,,,,,
UF 8736,Odocoileus virginianus,,8.5.3,Wet Plains,1338,,FL,Levy county,,1,metaconid,,,1,1,metaconid,,,1,,,,,,,,,,,,,,,,,,,,,,,,,,,,,,,,,,,,,,,,,,,,
UF 8736,Odocoileus virginianus,,8.5.3,Wet Plains,1338,,FL,Levy county,,0,metaconid,1,entoconid,0.5,1,metaconid,0,metaconid,0.5,0,metaconid,0,0,metaconid,,,,,,,,,,,,,10.4,9.64,11.39,10.13,7.59,8.81,15.93,16.21,20.04,19.85,0.92692308,0.88937665,1.16073781,0.635907094,,,,,,,,,,,,,
UF 8736,Odocoileus virginianus,,8.5.3,Wet Plains,1338,,FL,Levy county,,1,entoconid,1,entoconid,1,0,metaconid,0,metaconid,0,0,entoconid,0,0,metaconid,,,,,,,,,,,,,8.63,10.71,9.73,10.65,8.07,8.58,13.92,13.64,19.1,19.09,1.2410197,1.09455293,1.06319703,0.765086207,,,,,,,,,,,,,
UF 8736,Odocoileus virginianus,,8.5.3,Wet Plains,1338,,FL,Levy county,,0,entoconid,,,0,0,entoconid,1,entoconid,0.5,0,entoconid,0,0,metaconid,,,,,,,,,,,,,9.84,10.19,9.77,10.77,8.59,8.4,16.92,17.3,21.94,21.62,1.03556911,1.10235415,0.97788126,0.636524823,,,,,,,,,,,,,
UF 8736,Odocoileus virginianus,,8.5.3,Wet Plains,1338,,FL,Levy county,,,,,,,1,entoconid,1,entoconid,1,1,metaconid,1,1,metaconid,,,,,,,,,,,,,10.27,12.47,10.85,11.89,,,17.84,17.01,22.12,22.07,1.21421616,1.09585253,,0.666479821,,,,,,,,,,,,,
UF 8736,Odocoileus virginianus,,8.5.3,Wet Plains,1338,,FL,Levy county,,0,entoconid,0,metaconid,0,1,entoconid,0,entoconid,0.5,0,metaconid,0,0,metaconid,,,,,,,,,,,,,9.4,10.37,9.62,11.61,7.73,10.16,15.69,15.79,18.84,19.47,1.10319149,1.20686071,1.31435964,0.739961759,,,,,,,,,,,,,
UF 8736,Odocoileus virginianus,,8.5.3,Wet Plains,1338,,FL,Levy county,,,,,,,,,0,entoconid,0,0,metaconid,0,0,metaconid,,,,,,,,,,,,,10.24,11.98,10.07,11.55,,,16,15.88,18.62,18.7,1.16992188,1.1469712,,0.721875,,,,,,,,,,,,,
UF 8736,Odocoileus virginianus,,8.5.3,Wet Plains,1338,,FL,Levy county,,,,,,,0,metaconid,0,entoconid,0,0,metaconid,0,0,metaconid,,,,,,,,,,,,,9.66,11.02,9.36,10.05,,,14.39,15.48,19.3,19.41,1.14078675,1.07371795,,0.698401668,,,,,,,,,,,,,
UF 8740,Odocoileus virginianus,,9.3.3,Mixed Plains,393,,WY,Niobrara county,,,,,,,1,entoconid,1,metaconid,1,0,entoconid,,0,,1,metacone,1,metacone,1,metacone,1,metacone,0,metacone,0,paracone,12.04,14.81,11.41,11.94,9.89,8.81,19.41,,23.97,,1.23006645,1.04645048,0.89079879,0.615146832,,39.56,,,,,75.11,61.21,30.69,25.15,232.21,,
UF 9507,Odocoileus virginianus,,15.4.1,Wet Plains,1338,,FL,Collier county,M,1,metaconid,,,1,1,metaconid,1,metaconid,1,0,entoconid,0,0,entoconid,,,,,,,,,,,,,9.77,10.3,9.78,11.17,8.94,7.98,15.54,16.53,19.61,20.2,1.0542477,1.14212679,0.89261745,0.718790219,,,,,,,,,,,,,
UF 9508,Odocoileus virginianus,,15.4.1,Wet Plains,1338,,FL,Collier county,,,,1,metaconid,1,0,entoconid,0,entoconid,0,0,entoconid,0,0,metaconid,,,,,,,,,,,,,9.52,8.24,9.35,8.29,7.9,8.62,15.51,15.64,20.32,19.25,0.86554622,0.88663102,1.09113924,0.534493875,,,,,,,,,,,,,
UF 9508,Odocoileus virginianus,,15.4.1,Wet Plains,1338,,FL,Collier county,,1,metaconid,,,1,1,metaconid,,,1,0,metaconid,,0,,,,,,,,,,,,,,9.36,10.24,10.12,11.17,9.38,8.38,,,,,1.09401709,1.10375494,0.89339019,,,,,,,,,,,,,,
UF 9508,Odocoileus virginianus,,15.4.1,Wet Plains,1338,,FL,Collier county,,2,entoconid,,,2,1,metaconid,1,metaconid,1,0,entoconid,0,0,metaconid,,,,,,,,,,,,,10.95,9.96,10.95,11.22,,,16.9,15.87,20.82,19.31,0.90958904,1.02465753,,0.663905325,,,,,,,,,,,,,
UF 9508,Odocoileus virginianus,,15.4.1,Wet Plains,1338,,FL,Collier county,,1,entoconid,0,entoconid,0.5,0,entoconid,0,entoconid,0,0,metaconid,0,0,metaconid,,,,,,,,,,,,,10.67,13.04,10.46,11.76,9.02,9.61,16.73,17.52,23.18,22.65,1.22211809,1.12428298,1.0654102,0.70292887,,,,,,,,,,,,,
UF 9508,Odocoileus virginianus,,15.4.1,Wet Plains,1338,,FL,Collier county,,3,entoconid,,,3,3,entoconid,1,metaconid,2,,,1,1,entoconid,,,,,,,,,,,,,,,,,,,,,,,,,,,,,,,,,,,,,,,
UF 9508,Odocoileus virginianus,,15.4.1,Wet Plains,1338,,FL,Collier county,,,,2,metaconid,2,0,metaconid,1,metaconid,0.5,1,metaconid,1,1,metaconid,,,,,,,,,,,,,9.43,10.71,10.24,11.08,,,15.95,16.41,19.6,20.37,1.13573701,1.08203125,,0.694670846,,,,,,,,,,,,,
UF 9508,Odocoileus virginianus,,15.4.1,Wet Plains,1338,,FL,Collier county,,2,metaconid,2,metaconid,2,1,metaconid,1,metaconid,1,0,metaconid,0,0,metaconid,,,,,,,,,,,,,11,9.74,10.77,10.54,,,15.22,15.84,20.68,18.93,0.88545455,0.97864438,,0.692509855,,,,,,,,,,,,,
UF 9509,Odocoileus virginianus,,15.4.1,Wet Plains,1338,,FL,Collier county,,,,,,,,,1,entoconid,1,,,1,1,entoconid,,,,,,,,,,,,,11.62,11.26,11.02,10.81,,,,17.71,,21.66,0.96901893,0.98094374,,,,,,,,,,,,,,,
UF 9510,Odocoileus virginianus,,8.5.3,Wet Plains,1338,,FL,Volusia county,,1,metaconid,,,1,1,metaconid,,,1,0,metaconid,,0,,,,,,,,,,,,,,11.11,10.73,10.97,9.91,9.62,8.06,15.16,,19.38,,0.96579658,0.90337284,0.83783784,0.653693931,,,,,,,,,,,,,
UF 9516,Odocoileus virginianus,,8.5.3,Wet Plains,1338,,FL,Volusia county,M,,,1,entoconid,1,0,metaconid,0,entoconid,0,1,metaconid,0,0.5,metaconid,,,,,,,,,,,,,9.99,10.8,9.69,11.59,8.83,8.45,16.21,,22.3,,1.08108108,1.19607843,0.95696489,0.714990746,,,,,,,,,,,,,
UF 9518,Odocoileus virginianus,,8.5.3,Wet Plains,1338,,FL,Volusia county,M,1,metaconid,0,metaconid,0.5,0,entoconid,1,entoconid,0.5,1,metaconid,,1,,,,,,,,,,,,,,9.64,10.03,10.2,10.59,9.25,7.95,16.38,,21.95,,1.04045643,1.03823529,0.85945946,0.646520147,,,,,,,,,,,,,
UF 9519,Odocoileus virginianus,,8.5.3,Wet Plains,1338,,FL,Volusia county,M,1,entoconid,,,1,0,metaconid,0,metaconid,0,0,metaconid,0,0,metaconid,,,,,,,,,,,,,10.33,10.33,10.1,10.54,8.72,8.73,15.82,,21.86,,1,1.04356436,1.00114679,0.666245259,,,,,,,,,,,,,
UF 9521,Odocoileus virginianus,,8.5.3,Wet Plains,1338,,FL,Volusia county,,1,metaconid,1,entoconid,1,0,metaconid,0,metaconid,0,0,metaconid,0,0,entoconid,,,,,,,,,,,,,10.69,10.96,10.35,10,9.14,8.67,15.89,,21.83,,1.02525725,0.96618357,0.94857768,0.629326621,,,,,,,,,,,,,
UF 9522,Odocoileus virginianus,,8.5.3,Wet Plains,1338,,FL,Volusia county,,0,entoconid,0,entoconid,0,0,metaconid,0,metaconid,0,1,metaconid,0,0.5,entoconid,,,,,,,,,,,,,10.13,10.68,10.53,11.28,9.86,8.72,17.43,,21.32,,1.05429418,1.07122507,0.88438134,0.647160069,,,,,,,,,,,,,
UF 9523,Odocoileus virginianus,,8.5.3,Wet Plains,1338,,FL,Volusia county,,,,,,,,,1,metaconid,1,,,0,0,metaconid,,,,,,,,,,,,,,,,,,,,,,,,,,,,,,,,,,,,,,,
UF 9524,Odocoileus virginianus,,8.5.3,Wet Plains,1338,,FL,Volusia county,,1,entoconid,,,1,0,entoconid,,,0,1,metaconid,,1,,,,,,,,,,,,,,9.9,10.8,10.02,10.82,8.87,8.87,14.92,,18.83,,1.09090909,1.07984032,1,0.725201072,,,,,,,,,,,,,
UF 9525,Odocoileus virginianus,,8.5.3,Wet Plains,1338,,FL,Volusia county,M,1,entoconid,,,1,0,entoconid,0,entoconid,0,0,metaconid,0,0,metaconid,,,,,,,,,,,,,9.36,8.86,9.94,8.57,8.61,6.7,14.42,,18.62,,0.9465812,0.86217304,0.77816492,0.594313454,,,,,,,,,,,,,
UF 9527,Odocoileus virginianus,,8.5.3,Wet Plains,1338,,FL,Volusia county,,,,,,,1,entoconid,1,entoconid,1,1,entoconid,0,0.5,metaconid,,,,,,,,,,,,,10.88,10.62,10.95,11,10.07,7.56,15.95,,22.16,,0.97610294,1.00456621,0.75074479,0.689655172,,,,,,,,,,,,,
UF 9528,Odocoileus virginianus,,8.5.3,Wet Plains,1338,,FL,Volusia county,,1,entoconid,1,metaconid,1,0,entoconid,0,entoconid,0,0,metaconid,0,0,entoconid,,,,,,,,,,,,,10.19,9.45,9.75,10.45,8.47,7.98,15.8,,22.52,,0.92737978,1.07179487,0.94214876,0.661392405,,,,,,,,,,,,,
UF 9529,Odocoileus virginianus,,8.5.3,Wet Plains,1338,,FL,Volusia county,,1,metaconid,,,1,0,metaconid,0,entoconid,0,0,metaconid,0,0,entoconid,,,,,,,,,,,,,,9.5,9.73,10.47,8.68,7.52,14.84,,20.93,,0.95190381,1.07605344,0.86635945,0.705525606,,,,,,,,,,,,,
UF 9530,Odocoileus virginianus,,8.5.3,Wet Plains,1338,,FL,Volusia county,M,,,1,entoconid,1,,,1,entoconid,1,1,metaconid,1,1,metaconid,,,,,,,,,,,,,10.76,11.4,10.81,10.65,9.46,8.32,,16.82,,22.11,1.05947955,0.98519889,0.8794926,,,,,,,,,,,,,,
UF 9532,Odocoileus virginianus,,8.5.3,Wet Plains,1338,,FL,Volusia county,,1,metaconid,1,metaconid,1,1,metaconid,0,metaconid,0.5,,,0,0,metaconid,,,,,,,,,,,,,10.3,10.65,10.08,9.64,9.32,6.72,16.54,,19.35,,1.03398058,0.95634921,0.72103004,0.582829504,,,,,,,,,,,,,
UF 9533,Odocoileus virginianus,,8.5.3,Wet Plains,1338,,FL,Volusia county,M,1,metaconid,1,metaconid,1,0,entoconid,0,entoconid,0,0,entoconid,0,0,entoconid,,,,,,,,,,,,,10.66,11.35,10.1,11.46,9.2,8.09,16.67,,21.43,,1.06472795,1.13465347,0.87934783,0.687462507,,,,,,,,,,,,,
UF 9534,Odocoileus virginianus,,8.5.3,Wet Plains,1338,,FL,Volusia county,M,1,metaconid,1,metaconid,1,0,entoconid,0,metaconid,0,1,entoconid,,1,,,,,,,,,,,,,,10,11.03,9.91,10.18,8.72,8.17,14.95,,18.95,,1.103,1.02724521,0.93692661,0.680936455,,,,,,,,,,,,,
UF 9536,Odocoileus virginianus,,8.5.3,Wet Plains,1338,,FL,Volusia county,,,,1,entoconid,1,,,0,entoconid,0,,,0,0,metaconid,,,,,,,,,,,,,11.1,9.27,10.84,9.77,9.62,7.74,,15.89,,20.95,0.83513514,0.90129151,0.8045738,,,,,,,,,,,,,,
UF 9537,Odocoileus virginianus,,8.5.3,Wet Plains,1338,,FL,Volusia county,,0,metaconid,1,entoconid,0.5,0,metaconid,0,metaconid,0,0,metaconid,0,0,entoconid,,,,,,,,,,,,,9.11,9.7,9.7,9.95,8.87,8.27,15.21,,20.59,,1.064764,1.0257732,0.93235626,0.654174885,,29.85,,,,,70.73,47.75,27.19,21.1,203.6,99.35,
UF 9537,Odocoileus virginianus,,8.5.3,Wet Plains,1338,,FL,Volusia county,,1,entoconid,0,entoconid,0.5,0,metaconid,0,metaconid,0,0,metaconid,0,0,metaconid,,,,,,,,,,,,,10.36,10.19,10.4,10.75,8.82,7.31,16.51,,22.45,,0.98359073,1.03365385,0.82879819,0.651120533,,33.88,,,,,70.18,50.01,27.31,20,209.08,91.22,
UF 9538,Odocoileus virginianus,,15.4.1,Wet Plains,1338,,FL,Collier county,M,1,entoconid,,,1,1,entoconid,,,1,1,entoconid,,1,,,,,,,,,,,,,,9.97,11.96,10.08,11.24,8.91,9.25,15.18,,20.24,,1.1995988,1.11507937,1.03815937,0.740447958,,,,,,,,,,,,,
UF 9540,Odocoileus virginianus,,15.4.1,Wet Plains,1338,,FL,Collier county,,1,metaconid,,,1,1,metaconid,,,1,0,metaconid,1,0.5,metaconid,,,,,,,,,,,,,10.18,9.74,10.04,9.81,8.77,8.1,15.56,16.13,20,20.13,0.956778,0.97709163,0.92360319,0.630462725,,,,,,,,,,,,,
UF 9542,Odocoileus virginianus,,15.4.1,Wet Plains,1338,,FL,Collier county,M,1,entoconid,1,metaconid,1,0,entoconid,1,metaconid,0.5,0,metaconid,0,0,metaconid,,,,,,,,,,,,,9.43,12,9.74,10.99,8.82,8.01,15.57,15.44,19.25,19.25,1.27253446,1.12833676,0.90816327,0.705844573,,,,,,,,,,,,,
UF 9543,Odocoileus virginianus,,15.4.1,Wet Plains,1338,,FL,Collier county,M,,,1,metaconid,1,0,metaconid,0,metaconid,0,0,entoconid,0,0,entoconid,,,,,,,,,,,,,10.02,10.76,10.52,11.53,9.31,8.98,15.99,16.62,20.81,20.88,1.0738523,1.0960076,0.96455424,0.721075672,,,,,,,,,,,,,
UF 9545,Odocoileus virginianus,,15.4.1,Wet Plains,1338,,FL,Collier county,M,1,entoconid,1,metaconid,1,1,entoconid,0,entoconid,0.5,0,entoconid,0,0,entoconid,,,,,,,,,,,,,10.67,11.83,10.79,10.91,8.83,8.06,15.31,15.45,19.87,20.23,1.10871603,1.01112141,0.91279728,0.71260614,,,,,,,,,,,,,
UF 9546,Odocoileus virginianus,,15.4.1,Wet Plains,1338,,FL,Collier county,M,1,metaconid,1,metaconid,1,1,metaconid,1,metaconid,1,1,metaconid,1,1,metaconid,,,,,,,,,,,,,9.8,11.23,10.13,10.39,8.53,8.33,16.45,17.05,20.27,20.47,1.14591837,1.02566634,0.97655334,0.631610942,,,,,,,,,,,,,
UF 9547,Odocoileus virginianus,,15.4.1,Wet Plains,1338,,FL,Collier county,M,1,entoconid,1,entoconid,1,,,0,entoconid,0,1,entoconid,0,0.5,entoconid,,,,,,,,,,,,,10.37,10.62,11.31,10.22,9.68,8.96,,16.03,,20.95,1.024108,0.90362511,0.92561983,,,,,,,,,,,,,,
UF 9548,Odocoileus virginianus,,15.4.1,Wet Plains,1338,,FL,Collier county,M,1,metaconid,1,metaconid,1,0,entoconid,0,metaconid,0,0,metaconid,0,0,metaconid,,,,,,,,,,,,,9.3,11.3,9.5,10.29,8.52,7.77,15.59,16.03,19.53,19.33,1.21505376,1.08315789,0.91197183,0.660038486,,,,,,,,,,,,,
UF 9550,Odocoileus virginianus,,15.4.1,Wet Plains,1338,,FL,Collier county,M,1,metaconid,,,1,1,metaconid,,,1,0,entoconid,,0,,,,,,,,,,,,,,9.69,10.95,9.77,8.94,8.56,6.37,16.08,,21.75,,1.13003096,0.91504606,0.74415888,0.555970149,,,,,,,,,,,,,
UF 9551,Odocoileus virginianus,,8.5.3,Wet Plains,1338,,FL,Union county,,1,metaconid,1,metaconid,1,1,metaconid,1,metaconid,1,0,metaconid,0,0,entoconid,,,,,,,,,,,,,,,,,,,,,,,,,,,,,,,,,,,,,,,
UF 9551,Odocoileus virginianus,,8.5.3,Wet Plains,1338,,FL,Union county,,,,1,metaconid,1,1,metaconid,0,metaconid,0.5,,,1,1,metaconid,,,,,,,,,,,,,9.65,10.15,9.96,9.12,8.79,7.02,15.35,,20.2,,1.05181347,0.91566265,0.79863481,0.594136808,,,,,,,,,,,,,
UF 9551,Odocoileus virginianus,,8.5.3,Wet Plains,1338,,FL,Union county,,1,metaconid,1,metaconid,1,1,metaconid,1,metaconid,1,1,metaconid,1,1,metaconid,,,,,,,,,,,,,9.72,11.55,9.58,10.65,7.69,7.41,15.67,,20.83,,1.1882716,1.11169102,0.96358908,0.679642629,,,,,,,,,,,,,
UF 9551,Odocoileus virginianus,,8.5.3,Wet Plains,1338,,FL,Union county,,1,entoconid,1,entoconid,1,1,metaconid,0,metaconid,0.5,1,metaconid,0,0.5,metaconid,,,,,,,,,,,,,10.11,9.48,9.99,9.82,8.36,7.01,15.23,,19.85,,0.93768546,0.98298298,0.83851675,0.644780039,,,,,,,,,,,,,
UF 9551,Odocoileus virginianus,,8.5.3,Wet Plains,1338,,FL,Union county,,1,metaconid,1,metaconid,1,0,metaconid,0,metaconid,0,0,metaconid,1,0.5,metaconid,,,,,,,,,,,,,9.9,13.4,10.18,11.29,8.7,9.84,15.76,,20.39,,1.35353535,1.10903733,1.13103448,0.716370558,,,,,,,,,,,,,
UF 9551,Odocoileus virginianus,,8.5.3,Wet Plains,1338,,FL,Union county,,,,,,,,,1,metaconid,1,,,,,,,,,,,,,,,,,,,,,,,,,,,,,,,,,,,,,,,,,,,,
UF 9551,Odocoileus virginianus,,8.5.3,Wet Plains,1338,,FL,Union county,,1,metaconid,1,metaconid,1,0,metaconid,1,metaconid,0.5,0,metaconid,0,0,metaconid,,,,,,,,,,,,,10.13,12.51,10.27,11.82,8.95,9.38,16.23,,21.31,,1.23494571,1.15092502,1.04804469,0.728280961,,,,,,,,,,,,,
UF 9551,Odocoileus virginianus,,8.5.3,Wet Plains,1338,,FL,Union county,,,,,,,1,entoconid,0,entoconid,0.5,1,metaconid,0,0.5,metaconid,,,,,,,,,,,,,,,,,,,,,,,,,,,,,,,,,,,,,,,
UF 9551,Odocoileus virginianus,,8.5.3,Wet Plains,1338,,FL,Union county,,,,1,metaconid,1,,,0,entoconid,0,,,,,,,,,,,,,,,,,,,,10.16,9.78,9.09,7.81,,16.56,,,,0.96259843,0.85918592,,,,,,,,,,,,,,
UF 9551,Odocoileus virginianus,,8.5.3,Wet Plains,1338,,FL,Union county,,,,1,metaconid,1,,,0,entoconid,0,,,1,1,metaconid,,,,,,,,,,,,,,,10,9.94,,,15.53,,,,,0.994,,0.640051513,,,,,,,,,,,,,
UF 9551,Odocoileus virginianus,,8.5.3,Wet Plains,1338,,FL,Union county,,1,metaconid,,,1,1,metaconid,,,1,,,,,,,,,,,,,,,,,,,,10,9.88,,,16.88,,,,,0.988,,0.585308057,,,,,,,,,,,,,
UF 9551,Odocoileus virginianus,,8.5.3,Wet Plains,1338,,FL,Union county,,,,,,,0,entoconid,0,entoconid,0,0,metaconid,0,0,entoconid,,,,,,,,,,,,,9.37,9.94,9.7,10.06,8.22,7.45,15.69,,19.38,,1.06083244,1.0371134,0.90632603,0.641172721,,,,,,,,,,,,,
UF 9551,Odocoileus virginianus,,8.5.3,Wet Plains,1338,,FL,Union county,,1,entoconid,1,entoconid,1,0,metaconid,0,metaconid,0,0,metaconid,0,0,metaconid,,,,,,,,,,,,,10.2,12.62,9.19,12.37,7.98,9.38,16.11,,20.82,,1.2372549,1.34602829,1.1754386,0.767846058,,,,,,,,,,,,,
UF 9551,Odocoileus virginianus,,8.5.3,Wet Plains,1338,,FL,Union county,,,,1,metaconid,1,,,1,metaconid,1,,,1,1,metaconid,,,,,,,,,,,,,9.98,11.81,9.79,10.24,8.5,8.05,,14.78,,18.59,1.18336673,1.04596527,0.94705882,,,,,,,,,,,,,,
UF 9551,Odocoileus virginianus,,8.5.3,Wet Plains,1338,,FL,Union county,,1,metaconid,1,metaconid,1,0,metaconid,0,metaconid,0,0,metaconid,0,0,metaconid,,,,,,,,,,,,,,9.69,11.77,10.14,11.49,8.44,14.74,,19.62,,,0.86151232,0.73455178,0.687924016,,,,,,,,,,,,,
UF 9551,Odocoileus virginianus,,8.5.3,Wet Plains,1338,,FL,Union county,,,,,,,1,metaconid,,,1,,,,,,,,,,,,,,,,,,,,10.71,10.19,,,,15.88,,,,0.95144725,,,,,,,,,,,,,,,
UF 9551,Odocoileus virginianus,,8.5.3,Wet Plains,1338,,FL,Union county,,,,,,,,,0,metaconid,0,,,,,,,,,,,,,,,,,,,,,9.57,9.66,,,15.47,,,,,,,,,,,,,,,,,,,
UF 9551,Odocoileus virginianus,,8.5.3,Wet Plains,1338,,FL,Union county,,1,metaconid,,,1,1,metaconid,1,entoconid,1,,,,,,,,,,,,,,,,,,,,,,,,,,,,,,,,,,,,,,,,,,,,
UF 9551,Odocoileus virginianus,,8.5.3,Wet Plains,1338,,FL,Union county,,1,metaconid,,,1,1,entoconid,0,entoconid,0.5,0,entoconid,0,0,entoconid,,,,,,,,,,,,,9.82,12.27,10.23,10.76,8.86,8.87,16.04,,20.42,,1.24949084,1.05180841,1.00112867,0.670822943,,,,,,,,,,,,,
UF 9551,Odocoileus virginianus,,8.5.3,Wet Plains,1338,,FL,Union county,,1,metaconid,1,metaconid,1,1,metaconid,0,metaconid,0.5,0,entoconid,0,0,entoconid,,,,,,,,,,,,,9.49,11.54,9.96,11.68,8.64,8.59,16.44,,21.24,,1.21601686,1.17269076,0.99421296,0.710462287,,,,,,,,,,,,,
UF 9551,Odocoileus virginianus,,8.5.3,Wet Plains,1338,,FL,Union county,,1,metaconid,,,1,1,entoconid,1,metaconid,1,0,entoconid,0,0,metaconid,,,,,,,,,,,,,9.64,11.68,9.81,10.72,8.99,8.07,15.58,,20.48,,1.21161826,1.09276249,0.89766407,0.688061617,,,,,,,,,,,,,
UF 9553,Odocoileus virginianus,,8.5.3,Wet Plains,1338,,FL,Union county,,,,,,,,,1,metaconid,1,,,,,,,,,,,,,,,,,,,,,,,,,,,,,,,,,,,,,,,,,,,,
UF 9554,Odocoileus virginianus,,8.5.3,Wet Plains,1338,,FL,Union county,M,1,entoconid,,,1,0,metaconid,1,entoconid,0.5,0,metaconid,0,0,metaconid,,,,,,,,,,,,,9.7,10.02,9.01,9.27,7.92,8.11,15.64,,22.42,,1.03298969,1.02885683,1.0239899,0.592710997,,,,,,,,,,,,,
UF 9555,Odocoileus virginianus,,15.4.1,Wet Plains,1338,,FL,Broward county,,1,entoconid,,,1,1,entoconid,,,1,1,metaconid,,1,,,,,,,,,,,,,,9.23,10.29,9.64,10.65,7.93,9.24,,,,,1.1148429,1.10477178,1.16519546,,,,,,,,,,,,,,
UF 9555,Odocoileus virginianus,,15.4.1,Wet Plains,1338,,FL,Broward county,,1,metaconid,,,1,1,metaconid,,,1,0,metaconid,,0,,,,,,,,,,,,,,10.25,11.69,10.33,11.75,8.56,9.28,,,,,1.1404878,1.1374637,1.08411215,,,,,,,,,,,,,,
UF 9555,Odocoileus virginianus,,15.4.1,Wet Plains,1338,,FL,Broward county,,,,1,metaconid,1,,,1,metaconid,1,,,1,1,metaconid,,,,,,,,,,,,,10.07,10.69,10.33,11.57,8.82,9.07,,,,,1.06156902,1.12003872,1.02834467,,,,,,,,,,,,,,
UF 9555,Odocoileus virginianus,,15.4.1,Wet Plains,1338,,FL,Broward county,,1,entoconid,,,1,1,entoconid,,,1,0,entoconid,,0,,,,,,,,,,,,,,9.61,8.87,8.92,10.88,7.62,9.07,,,,,0.92299688,1.21973094,1.19028871,,,,,,,,,,,,,,
UF 9555,Odocoileus virginianus,,15.4.1,Wet Plains,1338,,FL,Broward county,,0,entoconid,,,0,0,entoconid,,,0,0,metaconid,,0,,,,,,,,,,,,,,9.62,10.22,9.54,11.66,8.49,8.99,,,,,1.06237006,1.22222222,1.05889282,,,,,,,,,,,,,,
UF 9555,Odocoileus virginianus,,15.4.1,Wet Plains,1338,,FL,Broward county,,1,metaconid,,,1,0,metaconid,,,0,1,metaconid,,1,,,,,,,,,,,,,,9.95,11.92,10.11,10.67,8.22,8.28,,,,,1.19798995,1.0553907,1.00729927,,,,,,,,,,,,,,
UF 9555,Odocoileus virginianus,,15.4.1,Wet Plains,1338,,FL,Broward county,,,,1,metaconid,1,,,1,metaconid,1,,,1,1,entoconid,,,,,,,,,,,,,10.23,11.2,10,10.27,8.15,8.21,,,,,1.09481916,1.027,1.00736196,,,,,,,,,,,,,,
UF 9555,Odocoileus virginianus,,15.4.1,Wet Plains,1338,,FL,Broward county,,,,,,,1,metaconid,,,1,,,,,,,,,,,,,,,,,,,,,,,,,,,,,,,,,,,,,,,,,,,,
UF 9557,Odocoileus virginianus,,15.4.1,Wet Plains,1338,,FL,Broward county,,,,1,entoconid,1,,,1,entoconid,1,,,1,1,metaconid,,,,,,,,,,,,,9.56,9.39,9.71,9.95,8.11,7.84,,16.36,23.39,,0.98221757,1.02471679,0.96670777,,,,,,,,,,,,,,
UF 9559,Odocoileus virginianus,,15.4.1,Wet Plains,1338,,FL,Broward county,M,0,entoconid,,,0,0,metaconid,,,0,1,entoconid,,1,,,,,,,,,,,,,,11.48,11.09,11.82,12,9.48,9.38,16.2,,24.54,,0.96602787,1.01522843,0.98945148,0.740740741,,,,,,,,,,,,,
UF 9561,Odocoileus virginianus,,15.4.1,Wet Plains,1338,,FL,Broward county,M,1,entoconid,,,1,1,entoconid,,,1,0,metaconid,,0,,,,,,,,,,,,,,10.69,12.17,10.72,11.94,9.28,8.5,16.37,,22.33,,1.13844715,1.11380597,0.91594828,0.729383018,,,,,,,,,,,,,
UF 9562,Odocoileus virginianus,,15.4.1,Wet Plains,1338,,FL,Broward county,M,1,entoconid,,,1,0,metaconid,,,0,0,metaconid,,0,,,,,,,,,,,,,,10.82,12.39,10.76,12.3,9.28,9.72,16.58,,21.57,,1.14510166,1.14312268,1.04741379,0.74185766,,,,,,,,,,,,,
UF 9563,Odocoileus virginianus,,15.4.1,Wet Plains,1338,,FL,Broward county,M,0,metaconid,,,0,1,metaconid,,,1,1,entoconid,,1,,,,,,,,,,,,,,9.94,9.53,9.78,9.53,7.93,7.98,15.11,,19.7,,0.95875252,0.97443763,1.00630517,0.63070814,,,,,,,,,,,,,
UF 9563,Odocoileus virginianus,,8.5.3,Wet Plains,1338,,FL,Volusia county,M,1,entoconid,1,metaconid,1,0,entoconid,,,0,,,,,,,,,,,,,,,,,,,,9.84,11.66,,,16,,,,,1.18495935,,0.72875,,,,,,,,,,,,,
UF 9564,Odocoileus virginianus,,15.4.1,Wet Plains,1338,,FL,Broward county,M,,,1,metaconid,1,,,1,metaconid,1,,,0,0,metaconid,,,,,,,,,,,,,9.54,12.07,9.05,11.6,8.04,10.24,,,,,1.26519916,1.28176796,1.27363184,,,,,,,,,,,,,,
UF 9565,Odocoileus virginianus,,15.4.1,Wet Plains,1338,,FL,Broward county,,0,entoconid,,,0,0,entoconid,,,0,1,metaconid,,1,,,,,,,,,,,,,,10.76,11.36,10.41,11.92,9.37,10.26,16.84,,21.55,,1.05576208,1.14505283,1.09498399,0.70783848,,,,,,,,,,,,,
UF 9566,Odocoileus virginianus,,15.4.1,Wet Plains,1338,,FL,Broward county,,1,entoconid,,,1,1,entoconid,,,1,1,entoconid,,1,,,,,,,,,,,,,,10.59,11.94,10.33,11.48,9.02,10.34,16.72,,22.41,,1.12747875,1.11132623,1.14634146,0.686602871,,,,,,,,,,,,,
UF 9567,Odocoileus virginianus,,15.4.1,Wet Plains,1338,,FL,Broward county,M,,,,,,1,metaconid,,,1,1,metaconid,,1,,,,,,,,,,,,,,9.76,9.59,9.62,9.42,8.44,8.3,15.42,,21.3,,0.98258197,0.97920998,0.98341232,0.610894942,,,,,,,,,,,,,
UF 9569,Odocoileus virginianus,,15.4.1,Wet Plains,1338,,FL,Broward county,,1,entoconid,,,1,1,entoconid,,,1,1,entoconid,,1,,,,,,,,,,,,,,9.85,10.2,9.8,9.82,8.23,8.16,16.34,,21.1,,1.03553299,1.00204082,0.99149453,0.600979192,,,,,,,,,,,,,
UF 9573,Odocoileus virginianus,,15.4.1,Wet Plains,1338,,FL,Broward county,M,1,metaconid,,,1,0,metaconid,,,0,0,metaconid,,0,,,,,,,,,,,,,,9.53,10.2,9.95,11.14,8.25,9.65,16.69,,22.39,,1.0703043,1.11959799,1.16969697,0.667465548,,,,,,,,,,,,,
UF 9574,Odocoileus virginianus,,15.4.1,Wet Plains,1338,,FL,Broward county,M,1,entoconid,,,1,,,,,,1,entoconid,,1,,,,,,,,,,,,,,10.5,10.6,11.74,11.3,9.58,8.8,17.43,,24.17,,1.00952381,0.96252129,0.91858038,0.648307516,,,,,,,,,,,,,
UF 9575,Odocoileus virginianus,,15.4.1,Wet Plains,1338,,FL,Broward county,,,,0,entoconid,0,,,0,entoconid,0,,,0,0,metaconid,,,,,,,,,,,,,10.02,12.4,9.86,12.3,9.27,11.26,,16.23,,20.03,1.23752495,1.2474645,1.21467098,,,,,,,,,,,,,,
UF 9576,Odocoileus virginianus,,15.4.1,Wet Plains,1338,,FL,Broward county,,,,,,,,,1,metaconid,1,,,1,1,metaconid,,,,,,,,,,,,,,,9.72,10.45,8.86,9.17,,16.75,,,,1.07510288,1.03498871,,,,,,,,,,,,,,
UF 9649,Odocoileus virginianus,,15.4.1,Wet Plains,1338,,FL,Collier county,M,,,,,,1,metaconid,1,metaconid,1,1,entoconid,1,1,metaconid,,,,,,,,,,,,,9.89,9.56,10.34,10.23,8.86,8.86,15.93,16.63,19.62,19.76,0.96663296,0.9893617,1,0.642184557,,,,,,,,,,,,,
UMMZ 40446,Odocoileus virginianus,,5.2.1,Mixed Woodlands,768,,MI,Dickinson county,f,1,metaconid,1,metaconid,1,0,metaconid,0,metaconid,0,0,entoconid,0,0,entoconid,1,metacone,0,met,0,paracone,0,paracone,0,paracone,0,paracone,10.69,12.51,10.67,11.8,9.4,8.84,17,,23.71,,1.17025257,1.1059044,0.94042553,0.694117647,,,,,,,,,,,,,
UMMZ 5240,Odocoileus virginianus,,8.1.6,Closed Woodlands,862,,MI,Livingston county,m,1,entoconid,1,entoconid,1,1,entoconid,1,entoconid,1,0,entoconid,,0,,0,paracone,1,paracone,1,metacone,1,metacone,0,paracone,0,paracone,11.49,11.15,11.77,10.24,9.32,7.23,15.61,,20.32,,0.97040905,0.8700085,0.77575107,0.65598975,,,,,,,,,,,,,
UMMZ 57750,Odocoileus virginianus,,5.2.1,Mixed Woodlands,768,,MI,Crawford County,f,,,,,,,,,,,,,,,,,,0,,,,0,,,,0,,,,,,,,,,,,,,,,34.55,32.23,280.86,40.17,47.24,86.63,73.9,46.93,30.59,22.49,222.25,102.99,
UMMZ 57751,Odocoileus virginianus ,,8.1.6,Closed Woodlands,862,,MI,LaPort county,F,1,entoconid,1,entoconid,1,1,entoconid,0,metaconid,0.5,0,metaconid,0,0,entoconid,0,metacone,0,metacone,0,metacone,0,metacone,0,metacone,0,metacone,10.27,10.75,12.23,10.22,11.03,8.7,,,,,1.04673807,0.83565004,0.78875793,,,,,,,,,,,,,,
UMMZ 57868,Odocoileus virginianus,,5.2.2,Wet Plains,599,,MN,Funkley,f,1,metaconid,1,metaconid,1,0,metaconid,0,metaconid,0,0,metaconid,0,0,metaconid,0,metacone,0,met,0,metacone,0,metacone,0,paracone,0,paracone,10.6,11.37,11.17,11.28,9.93,8.75,15.87,,19.83,,1.07264151,1.00984781,0.88116818,0.710775047,,,,,,,,,,,,,
UMMZ 59029,Odocoileus virginianus,,5.2.1,Mixed Woodlands,768,,MI,Crawford County,f,,,,,,,,,,,,,,,,,,1,,,,0,,,,0,,,,,,,,,,,,,,,,,,,,,,,,,,,,
UMMZ 60952,Odocoileus virginianus,,8.1.6,Closed Woodlands,862,,MI,Calhoun county,m,,,,,,,,,,,,,,,,,,0,,,,0,,,,0,,,,,,,,,,,,,,,,,,,,,,,,,,,,
UMMZ 60962,Odocoileus virginianus,,8.1.6,Closed Woodlands,862,,MI,Calhoun county,m,,,,,,,,,,,,,,,,,,0,,,,0,,,,0,,,,,,,,,,,,,,,,29.33,32.48,287.68,44.34,50.98,92.46,78.22,48.85,32.01,21.77,224.76,,
UMMZ 60967,Odocoileus virginianus,,5.2.1,Mixed Woodlands,768,,MI,Delta county,Male,1,metaconid,1,metaconid,1,0,metaconid,1,metaconid,0.5,0,metaconid,1,0.5,metaconid,0,paracone,0,paracone,0,paracone,1,paracone,0,metacone,0,metacone,9.99,11.5,10.23,9.99,8.96,7.77,16.05,,22.29,,1.15115115,0.97653959,0.8671875,0.622429907,35.71,32.26,284.31,38.47,52.54,96.31,85.77,50.87,30.69,22.99,230.24,113.96,
UMMZ 60980,Odocoileus virginianus,,8.1.6,Closed Woodlands,862,,MI,Calhoun county,m,,,,,,,,,,,,,,,,,,0,,,,0,,,,0,,,,,,,,,,,,,,,,,,,,,,,,,,,,
UMMZ 60986,Odocoileus virginianus,,5.2.1,Mixed Woodlands,768,,MI,Houghton county,m,1,entoconid,,,1,0,entoconid,0,entoconid,0,0,metaconid,0,0,metaconid,0,paracone,0,paracone,0,paracone,0,paracone,0,paracone,0,paracone,10.77,11.92,11.15,10.54,9.79,8.76,17.22,,22.01,,1.10677809,0.94529148,0.8947906,0.612078978,,,,,,,,,,,,,
UMMZ 60997,Odocoileus virginianus,,5.2.1,Mixed Woodlands,768,,MI,Delta county,m,0,metaconid,1,metaconid,0.5,0,metaconid,0,entoconid,0,1,ento,1,1,entoconid,0,paracone,0,paracone,0,metacone,0,metacone,1,metacone,1,metacone,10.68,12.47,10.45,12.09,9.15,10.4,16.74,,23.48,,1.167603,1.1569378,1.13661202,0.722222222,,,,,,,,,,,,,
UMMZ 61004,Odocoileus virginianus,,5.2.1,Mixed Woodlands,768,,MI,Iron county,m,,,,,,,,,,,,,,,,,,1,,,,1,,,,1,,,,,,,,,,,,,,,,,,,,,,,,,,,,
UMMZ 61010,Odocoileus virginianus,,8.1.6,Closed Woodlands,862,,MI,Calhoun county,m,,,,,,1,entoconid,0,entoconid,0.5,0,metaconid,0,0,metaconid,0,metacone,0,metacone,0,metacone,0,metacone,0,Paracone,0,paracone,9.83,10.71,11.11,9.63,10.06,7.91,,,,,1.08952187,0.86678668,0.78628231,,30.03,33.02,301.94,49.45,49.22,96.15,78.62,52.79,30.16,23.08,232.87,111.14,
UMMZ 61011,Odocoileus virginianus,,5.2.1,Mixed Woodlands,768,,MI,Delta county,m,,,,,,,,,,,,,,,,,,1,,,,1,,,,1,,,,,,,,,,,,,,,,,,,,,,,,,,,,
UMMZ 61018,Odocoileus virginianus,,5.2.1,Mixed Woodlands,768,,MI,Delta county,m,,,,,,,,,,,,,,,,,,2,,,,1,,,,2,,,,,,,,,,,,,,,,,,,,,,,,,,,,
UMMZ 61023,Odocoileus virginianus,,5.2.1,Mixed Woodlands,768,,MI,Iosco county,m,1,entoconid,1,entoconid,1,1,entoconid,1,entoconid,1,,,1,1,metaconid,1,paracone,1,paracone,1,paracone,1,paracone,1,paracone,1,paracone,11.24,11.18,10.89,10.42,9.75,7.29,16.86,,22.51,,0.99466192,0.95684114,0.74769231,0.618030842,,,,,,,,,,,,,
UMMZ 61025,Odocoileus virginianus,,5.2.1,Mixed Woodlands,768,,MI,Houghton county,m,1,metaconid,1,metaconid,1,0,ento,1,entoconid,0.5,0,ento,0,0,entoconid,1,metacone,1,metacone,1,metacone,0,paracone,0,paracone,0,paracone,10.86,12.7,11.45,13.31,9.71,10.72,18.04,,23.23,,1.1694291,1.16244541,1.10401648,0.737804878,,,,,,,,,,,,,
UMMZ 61028,Odocoileus virginianus,,8.1.6,Closed Woodlands,862,,MI,Calhoun county,m,,,,,,,,,,,,,,,,,,1,,,,0,,,,0,,,,,,,,,,,,,,,,33.33,33.33,282.45,41.46,52.4,89.94,77.41,50.83,32.07,23.88,211.92,broken,
UMMZ 61029,Odocoileus virginianus,,8.1.6,Closed Woodlands,862,,MI,Calhoun county,M,,,,,,,,,,,,,,,,,,1,,,,0,,,,0,,,,,,,,,,,,,,,,,,,,,,,,,,,,
UMMZ 61030,Odocoileus virginianus,,8.1.6,Closed Woodlands,862,,MI,Calhoun county,m,,,,,,,,,,,,,,,,,,1,,,,0,,,,0,,,,,,,,,,,,,,,,,,,,,,,,,,,,
UMMZ 61032,Odocoileus virginianus,,5.2.1,Mixed Woodlands,768,,MI,Delta county,m,,,,,,,,,,,,,,,,,,1,,,,0,,,,1,,,,,,,,,,,,,,,,,,,,,,,,,,,,
UMMZ 61034,Odocoileus virginianus,,5.2.1,Mixed Woodlands,768,,MI,Alger county,M,1,metaconid,0,entoconid,0.5,1,entoconid,0,metaconid,0.5,0,metaconid,1,0.5,metaconid,1,paracone,1,paracone,1,metacone,1,paracone,1,metacone,1,paracone,9.81,11.75,11.28,9.5,10.32,7.06,,,,,1.19775739,0.84219858,0.68410853,,,,,,,,,,,,,,
UMMZ 61040,Odocoileus virginianus,,5.2.1,Mixed Woodlands,768,,MI,Crawford County,m,1,metaconid,1,metaconid,1,,n,1,metaconid,1,0,metaconid,0,0,metaconid,0,metacone,0,met,1,paracone,0,paracone,1,paracone,1,paracone,10.55,12.05,10.67,10.51,9.42,9.02,17.17,,20.13,,1.14218009,0.98500469,0.95753715,0.612114153,,,,,,,,,,,,,
UMMZ 61044,Odocoileus virginianus,,5.2.1,Mixed Woodlands,768,,MI,Dickinson county,m,,,,,,,,,,,,,,,,,,0,,,,0,,,,0,,,,,,,,,,,,,,,,,,,,,,,,,,,,
UMMZ 61045,Odocoileus virginianus,,5.2.1,Mixed Woodlands,768,,MI,Alpena county,m,0,entoconid,1,entoconid,0.5,1,metaconid,0,entoconid,0.5,0,entoconid,0,0,metaconid,0,metacone,0,metacone,0,metacone,0,metacone,0,metacone,0,metacone,10.02,10.86,10.96,11.83,9.59,8.32,16.59,,22.13,,1.08383234,1.07937956,0.86757039,0.713080169,,,,,,,,,,,,,
UMMZ 61053,Odocoileus virginianus,,5.2.1,Mixed Woodlands,768,,MI,Delta county,m,1,metaconid,,,1,1,metaconid,1,metaconid,1,0,metaconid,0,0,entoconid,0,paracone,0,paracone,0,paracone,0,paracone,0,paracone,1,paracone,10.43,10.26,10.3,10.34,9.3,8.22,16.78,,,,0.98370086,1.0038835,0.88387097,0.616209774,,,,,,,,,,,,,
UMMZ 61053,Odocoileus virginianus,,5.2.1,Mixed Woodlands,768,,MI,Delta county,m,,,,,,,,,,,,,,,,,,1,,,,1,,,,0,,,,,,,,,,,,,,,,,,,,,,,,,,,,
UMMZ 61062,Odocoileus virginianus,,5.2.1,Mixed Woodlands,768,,MI,Alpena county,M,1,entoconid,1,entoconid,1,0,metaconid,1,metaconid,0.5,0,entoconid,1,0.5,metaconid,0,metacone,1,paracone,0,metacone,0,metacone,0,metacone,,,10.13,12.51,10.14,10.7,9.17,8.82,14.89,,18.29,,1.23494571,1.05522682,0.96183206,0.718603089,,,,,,,,,,,,,
UMMZ 61073,Odocoileus virginianus,,5.2.1,Mixed Woodlands,768,,MI,Chippewa county,m,1,metaconid,1,metaconid,1,0,metaconid,,,0,1,entoconid,1,1,entoconid,1,metacone,0,metacone,0,paracone,0,metacone,0,paracone,0,paracone,10.43,11.62,11.76,12.42,9.54,9.05,19.19,,21.47,,1.11409396,1.05612245,0.94863732,0.64721209,,,,,,,,,,,,,
UMMZ 61083,Odocoileus virginianus,,5.2.1,Mixed Woodlands,768,,MI,Delta county,m,,,,,,,,,,,,,,,,,,1,,,,1,,,,1,,,,,,,,,,,,,,,,,,,,,,,,,,,,
UMMZ 61093,Odocoileus virginianus,,5.2.1,Mixed Woodlands,768,,MI,Chippewa county,m,,,1,metaconid,1,1,metaconid,1,metaconid,1,1,entoconid,,1,,1,metacone,1,metacone,1,metacone,1,metacone,1,metacone,1,metacone,10.6,10.93,11.5,10.2,9.7,7.6,16.6,,20.99,,1.03113208,0.88695652,0.78350515,0.614457831,,,,,,,,,,,,,
UMMZ 61097,Odocoileus virginianus,,5.2.1,Mixed Woodlands,768,,MI,Delta county,m,,,,,,,,,,,,,,,,,,1,,,,0,,,,1,,,,,,,,,,,,,,,,,,,,,,,,,,,,
UMMZ 61114,Odocoileus virginianus,,5.2.1,Mixed Woodlands,768,,MI,Houghton county,m,1,metaconid,,,1,1,metaconid,1,metaconid,1,,,,,,0,metacone,0,metacone,0,metacone,0,metacone,0,paracone,0,metacone,11.15,12.86,11.45,12.82,10.73,10.44,16.26,,21.37,,1.15336323,1.11965066,0.97297297,0.788437884,,,,,,,,,,,,,
UMMZ 61117,Odocoileus virginianus,,5.2.1,Mixed Woodlands,768,,MI,Chippewa county,m,1,entoconid,1,entoconid,1,0,metaconid,0,entoconid,0,0,entoconid,0,0,entoconid,1,metacone,1,metacone,1,metacone,0,paracone,0,metacone,0,metacone,10.13,11.3,10.5,10.7,9.23,7.25,16.78,,19.74,,1.11549852,1.01904762,0.78548212,0.637663886,,,,,,,,,,,,,
UMMZ 61118,Odocoileus virginianus,,5.2.1,Mixed Woodlands,768,,MI,Chippewa county,m,1,metaconid,1,entoconid,1,1,metaconid,1,metaconid,1,1,entoconid,1,1,entoconid,1,metacone,1,metacone,0,metacone,0,metacone,0,paracone,0,paracone,10.04,12.03,10.54,10.18,9.71,8.18,16.9,,21.17,,1.19820717,0.9658444,0.84243048,0.602366864,,,,,,,,,,,,,
UMMZ 61125,Odocoileus virginianus,,5.2.1,Mixed Woodlands,768,,MI,Alpena county,m,0,entoconid,0,metaconid,0,0,entoconid,,,0,0,entoconid,0,0,entoconid,1,metacone,0,paracone,1,paracone,1,metacone,1,metacone,1,paracone,10.41,10.1,10.43,9.39,9.29,6.93,15.65,,20.32,,0.97022094,0.90028763,0.7459634,0.6,,,,,,,,,,,,,
UMMZ 61129,Odocoileus virginianus,,5.2.1,Mixed Woodlands,768,,MI,Oscoda county,m,1,metaconid,0,entoconid,0.5,0,ento,0,metaconid,0,,,0,0,metaconid,0,metacone,0,metacone,1,paracone,1,paracone,0,metacone,0,metacone,10.37,11.36,10.66,11.57,9.66,9.36,16.72,,18.95,,1.0954677,1.08536585,0.9689441,0.691985646,,,,,,,,,,,,,
UMMZ 61143,Odocoileus virginianus,,5.2.1,Mixed Woodlands,768,,MI,Chippewa county,m,0,entoconid,0,entoconid,0,0,entoconid,0,metaconid,0,1,entoconid,1,1,entoconid,0,metacone,0,paracone,0,metacone,0,metacone,0,metacone,0,metacone,11,10.49,11.9,10.05,10.56,7.1,17.24,,21.69,,0.95363636,0.84453782,0.67234848,0.582946636,,,,,,,,,,,,,
UMMZ 61144,Odocoileus virginianus,,5.2.1,Mixed Woodlands,768,,MI,Crawford county,m,1,metaconid,1,metaconid,1,0,entoconid,1,entoconid,0.5,1,entoconid,1,1,entoconid,0,paracone,1,paracone,0,metacone,1,metacone,0,metacone,0,metacone,10.85,11.45,10.11,12.34,9.21,10.98,17.23,,21.92,,1.05529954,1.22057369,1.19218241,0.716192687,,,,,,,,,,,,,
UMMZ 61152,Odocoileus virginianus,,5.2.1,Mixed Woodlands,768,,MI,Alpena county,m,1,metaconid,1,entoconid,1,0,entoconid,0,metaconid,0,1,metaconid,1,1,metaconid,1,metacone,,,1,paracone,1,metacone,0,metacone,0,metacone,11.03,10.31,11.56,9.32,10.01,6.79,16.43,,21.64,,0.93472348,0.80622837,0.67832168,0.567255021,,,,,,,,,,,,,
UMMZ 61167,Odocoileus virginianus,,5.2.1,Mixed Woodlands,768,,MI,Alpena county,m,0,metaconid,1,entoconid,0.5,0,entoconid,0,entoconid,0,0,entoconid,0,0,entoconid,1,metacone,1,metacone,0,paracone,1,paracone,0,paracone,0,metacone,9.89,11.24,10.78,10.9,9.21,8.66,15.29,,20.06,,1.13650152,1.01113173,0.9402823,0.712884238,,,,,,,,,,,,,
UMMZ 61168,Odocoileus virginianus,,5.2.1,Mixed Woodlands,768,,MI,Keeweewaw,,,,,,,1,metaconid,1,metaconid,1,1,metaconid,1,1,metaconid,0,paracone,1,metacone,1,paracone,1,paracone,,,0,metacone,10.71,12.34,11.56,12.81,9.52,9.79,16.6,,19.79,,1.15219421,1.10813149,1.02836134,0.771686747,,,,,,,,,,,,,
UMMZ 61172,Odocoileus virginianus,,5.2.1,Mixed Woodlands,768,,MI,Gogebic county,m,1,metaconid,1,metaconid,1,0,entoconid,1,metaconid,0.5,0,metaconid,,0,,1,metacone,1,metacone,0,metacone,0,metacone,0,metacone,0,metacone,9.94,11.8,10.44,11.15,9.17,8.8,16.74,,21.91,,1.18712274,1.06800766,0.95965104,0.666069295,,,,,,,,,,,,,
UMMZ 61179,Odocoileus virginianus,,5.2.1,Mixed Woodlands,768,,MI,Gogebic county,m,1,metaconid,1,metaconid,1,1,metaconid,1,metaconid,1,0,entoconid,0,0,entoconid,1,paracone,1,paracone,1,paracone,0,paracone,0,metacone,0,metacone,10.09,11.18,10.48,9.76,9.26,8.33,15.81,,21.31,,1.10802775,0.93129771,0.89956803,0.617330803,,,,,,,,,,,,,
UMMZ 61184,Odocoileus virginianus,,5.2.1,Mixed Woodlands,768,,MI,Gogebic county,m,1,entoconid,0,entoconid,0.5,1,metaconid,0,metaconid,0.5,0,entoconid,0,0,entoconid,0,paracone,1,metacone,1,paracone,1,paracone,,,,,10.89,12.13,11.13,12.24,9.68,9.59,16.41,,21.13,,1.11386593,1.09973046,0.99070248,0.745886654,,,,,,,,,,,,,
UMMZ 61192,Odocoileus virginianus,,5.2.1,Mixed Woodlands,768,,MI,Houghton county,m,1,metaconid,1,metaconid,1,1,metaconid,1,metaconid,1,,,,,,1,metacone,1,metacone,1,metacone,1,metacone,1,metacone,0,metacone,10.91,12.06,11.6,12.97,9.8,9.65,16.46,,22.18,,1.10540788,1.11810345,0.98469388,0.787970838,,,,,,,,,,,,,
UMMZ 61194,Odocoileus virginianus,,8.1.6,Closed Woodlands,862,,MI,Calhoun county,m,,,,,,,,,,,,,,,,,,1,,,,1,,,,1,,,,,,,,,,,,,,,,,,,,,,,,,,,,
UMMZ 61213,Odocoileus virginianus,,8.1.6,Closed Woodlands,862,,MI,Calhoun county,m,,,,,,,,,,,,,,,,,,0,,,,0,,,,1,,,,,,,,,,,,,,,,,,,,,,,,,,,,
UMMZ 61221,Odocoileus virginianus,,5.2.1,Mixed Woodlands,768,,MI,Gogebic county,m ,1,metaconid,1,metaconid,1,0,metaconid,1,metaconid,0.5,0,entoconid,0,0,metaconid,,n,,,,,,,,,,,11.66,10.25,12.41,10.59,10.48,8.19,17.95,,23.98,,0.87907376,0.85334408,0.78148855,0.589972145,,,,,,,,,,,,,
UMMZ 65470,Odocoileus virginianus,,5.2.1,Mixed Woodlands,768,,MI,Gogebic county,m,,,,,,,,,,,,,,,,,,1,,,,1,,,,1,,,,,,,,,,,,,,,,,,,,,,,,,,,,
UMMZ 65471,Odocoileus virginianus,,5.2.1,Mixed Woodlands,768,,MI,Gogebic county,m ,0,metaconid,1,entoconid,0.5,1,metaconid,0,entoconid,0.5,0,metaconid,0,0,metaconid,1,metacone,1,metacone,0,paracone,0,paracone,0,paracone,0,paracone,10.88,12.93,10.65,12.13,9.63,9.6,15.52,,20.48,,1.18841912,1.13896714,0.99688474,0.781572165,,,,,,,,,,,,,
UMMZ 65530,Odocoileus virginianus,,9.4.7,Grassland,954,,TX,Blanco county,f,1,entoconid,0,metaconid,0.5,0,ento,1,metaconid,0.5,1,entoconid,1,1,metaconid,1,paracone,1,paracone,0,paracone,0,paracone,0,metacone,0,paracone,8.99,11.5,8.95,12.72,7.74,8.79,14.88,,20.47,,1.27919911,1.42122905,1.13565891,0.85483871,,,,,,,,,,,,,
UMMZ 76253,Odocoileus virginianus,,8.1.6,Closed Woodlands,862,,MI,Livingston county,m ,1,metaconid,1,metaconid,1,0,entoconid,0,entoconid,0,,,,,,,,1,,,,0,,,,1,,,,,,,,,,,,,,,,,,,,,,,,,,,,
UMMZ 76264,Odocoileus virginianus,,8.1.6,Closed Woodlands,862,,MI,Livingston county,m,,,,,,,,,,,,,,,,,,1,,,,0,,,,0,,,,,,,,,,,,,,,,,,,,,,,,,,,,
UMMZ 76269,Odocoileus virginianus,,8.1.6,Closed Woodlands,862,,MI,Livingston county,f,,,,,,,,,,,,,,,,,,1,,,,0,,,,1,,,,,,,,,,,,,,,,,,,,,,,,,,,,
UMMZ 76271,Odocoileus virginianus,,8.1.6,Closed Woodlands,862,,MI,Livingston county,f,,,,,,,,,,,,,,,,,,0,,,,0,,,,1,,,,,,,,,,,,,,,,,,,,,,,,,,,,
UMMZ 79567,Odocoileus virginianus,,8.1.6,Closed Woodlands,862,,MI,Livingston county,m,1,entoconid,1,entoconid,1,1,metaconid,1,metaconid,1,1,metaconid,1,1,metaconid,1,metacone,1,metacone,1,metacone,1,metacone,1,paracone,1,paracone,10.64,11.83,11.53,10.17,10.35,8.2,16.37,,19.55,,1.11184211,0.88204683,0.79227053,0.6212584,,,,,,,,,,,,,
UMMZ 79568,Odocoileus virginianus,,8.1.6,Closed Woodlands,862,,MI,Livingston county,m,1,entoconid,1,metaconid,1,1,metaconid,1,metaconid,1,0,metaconid,0,0,metaconid,1,paracone,1,paracone,1,paracone,1,paracone,1,paracone,1,paracone,11.11,10.7,11.84,10.61,11.02,6.99,18.49,,22.12,,0.96309631,0.89611486,0.63430127,0.573823688,,,,,,,,,,,,,
UMMZ 79568,Odocoileus virginianus,,8.1.6,Closed Woodlands,862,,MI,Livingston county,m,,,,,,,,,,,,,,,,,,1,,,,0,,,,0,,,,,,,,,,,,,,,,,,,,,,,,,,,,
UMMZ 80206,Odocoileus virginianus,,8.1.6,Closed Woodlands,862,,MI,Livingston county,f,,,,,,,,,,,,,,,,,,1,,,,1,,,,1,,,,,,,,,,,,,,,,,,,,,,,,,,,,
UMMZ 80209,Odocoileus virginianus,,8.1.6,Closed Woodlands,862,,MI,Livingston county,,,,,,,,,,,,,,,,,,,,,,,,,,,,,,,,,,,,,,,,,,,,,,,,,,,,,,,
UMMZ 80212,Odocoileus virginianus,,8.1.6,Closed Woodlands,862,,MI,Livingston county,,1,metaconid,1,metaconid,1,1,entoconid,0,entoconid,0.5,0,entoconid,0,0,entoconid,1,paracone,1,paracone,1,paracone,1,paracone,0,paracone,1,paracone,11.08,10.08,11.25,9.72,10.06,7.83,15.66,,19.16,,0.90974729,0.864,0.77833002,0.620689655,,,,,,,,,,,,,
UMMZ 80213,Odocoileus virginianus,,8.1.6,Closed Woodlands,862,,MI,Livingston county,f,1,metaconid,1,metaconid,1,0,entoconid,0,entoconid,0,0,metaconid,0,0,metaconid,1,paracone,1,paracone,0,paracone,1,paracone,0,metacone,1,metacone,11.13,12.2,12.16,11.37,10.74,8.97,17.65,,22.01,,1.09613657,0.93503289,0.83519553,0.644192635,,,,,,,,,,,,,
UMMZ 81135,Odocoileus virginianus,,8.1.6,Closed Woodlands,862,,MI,Livingston county,f,,,,,,,,,,,,,,,,,,0,,,,0,,,,1,,,,,,,,,,,,,,,,,,,,,,,,,,,,
UMMZ 81137,Odocoileus virginianus,,8.1.6,Closed Woodlands,862,,MI,Livingston county,f,,,,,,,,,,,,,,,,,,0,,,,0,,,,0,,,,,,,,,,,,,,,,,,,,,,,,,,,,
UMMZ 81138,Odocoileus virginianus,,8.1.6,Closed Woodlands,862,,MI,Livingston county,f,,,,,,,,,,,,,,,,,,1,,,,1,,,,0,,,,,,,,,,,,,,,,,,,,,,,,,,,,
UMMZ 81139,Odocoileus virginianus,,8.1.6,Closed Woodlands,862,,MI,Livingston county,f,,,,,,,,,,,,,,,,,,1,,,,0,,,,0,,,,,,,,,,,,,,,,,,,,,,,,,,,,
UMMZ 81161,Odocoileus virginianus,,8.1.6,Closed Woodlands,862,,MI,Livingston county,f,,,,,,,,,,,,,,,,,,1,,,,0,,,,1,,,,,,,,,,,,,,,,,,,,,,,,,,,,
UMMZ 81648,Odocoileus virginianus,,8.1.6,Closed Woodlands,862,,MI,Livingston county,m,,,,,,,,,,,,,,,,,,0,,,,0,,,,0,,,,,,,,,,,,,,,,,,,,,,,,,,,,
UMMZ 81648,Odocoileus virginianus,,8.1.6,Closed Woodlands,862,,MI,Livingston county,m,,,,,,,,,,,,,,,,,,1,,,,0,,,,0,,,,,,,,,,,,,,,,,,,,,,,,,,,,
UMMZ 81720,Odocoileus virginianus,,8.1.6,Closed Woodlands,862,,MI,Livingston county,f,,,,,,,,,,,,,,,,,,1,,,,1,,,,1,,,,,,,,,,,,,,,,,,,,,,,,,,,,
UMMZ 91097,Odocoileus virginianus,,8.1.6,Closed Woodlands,862,,MI,Livingston county,m,,,,,,,,,,,,,,,,,,1,,,,1,,,,0,,,,,,,,,,,,,,,,,,,,,,,,,,,,
UMMZ 92273,Odocoileus virginianus,,8.1.6,Closed Woodlands,862,,MI,Livingston county,m,1,metaconid,1,metaconid,1,1,metaconid,1,metaconid,1,1,entoconid,0,0.5,metaconid,1,metacone,1,metacone,1,paracone,0,metacone,0,metacone,0,metacone,10.13,10.06,11.66,9.64,10.04,7.55,15.47,,19.55,,0.99308983,0.82675815,0.75199203,0.623141564,,,,,,,,,,,,,
UMMZ 97528,Odocoileus virginianus,,15.4.1,Wet Plains,1338,,FL,Monroe county,f,1,metaconid,,,1,1,entoconid,1,entoconid,1,0,metaconid,0,0,metaconid,1,metacone,1,met,1,paracone,1,paracone,0,paracone,0,paracone,10.65,9.71,10.08,9.71,8.08,7.41,16.93,,23.59,,0.91173709,0.96329365,0.91707921,0.573538098,,,,,,,,,,,,,
UMMZ 97529,Odocoileus virginianus,,15.4.1,Wet Plains,1338,,FL,Monroe county,m,1,metaconid,1,metaconid,1,0,metaconid,0,metaconid,0,1,metaconid,1,1,metaconid,1,paracone,0,metacone,1,paracone,1,paracone,1,paracone,1,paracone,9.65,11.42,9.52,11.54,8.67,9.19,15.22,,19.57,,1.18341969,1.21218487,1.05997693,0.758212878,,,,,,,,,,,,,
UMMZ81136,Odocoileus virginianus,,8.1.6,Closed Woodlands,862,,MI,Livingston county,f,,,,,,,,,,,,,,,,,,1,,,,0,,,,0,,,,,,,,,,,,,,,,,,,,,,,,,,,,
,,,,,,,,,,,,,,,,,,,,,,,,,,,,,,,,,,,,,,,,,,,,,,,,,,,,,,,,,,,,,,,
,,,,,,,,,,,,,,,,,,,,,,,,,,,,,,,,,,,,,,,,,,,,,,,,,,,,,,,,,,,,,,,
,,,,,,,,,,,,,,,,,,,,,,,,,,,,,,,,,,,,,,,,,,,,,,,,,,,,,,,,,,,,,,,
,,,,,,,,,,,,,,,,,,,,,,,,,,,,,,,,,,,,,,,,,,,,,,,,,,,,,,,,,,,,,,,
,,,,,,,,,,,,,,,,,,,,,,,,,,,,,,,,,,,,,,,,,,,,,,,,,,,,,,,,,,,,,,,
,,,,,,,,,,,,,,,,,,,,,,,,,,,,,,,,,,,,,,,,,,,,,,,,,,,,,,,,,,,,,,,
,,,,,,,,,,,,,,,,,,,,,,,,,,,,,,,,,,,,,,,,,,,,,,,,,,,,,,,,,,,,,,,
,,,,,,,,,,,,,,,,,,,,,,,,,,,,,,,,,,,,,,,,,,,,,,,,,,,,,,,,,,,,,,,
,,,,,,,,,,,,,,,,,,,,,,,,,,,,,,,,,,,,,,,,,,,,,,,,,,,,,,,,,,,,,,,
,,,,,,,,,,,,,,,,,,,,,,,,,,,,,,,,,,,,,,,,,,,,,,,,,,,,,,,,,,,,,,,